,Happiness Rank,Country,Region,Happiness Score,Economy (GDP per Capita),Family (Social Support),Health (Life Expectancy),Freedom,Trust (Government Corruption),Generosity,Year
0,1,Switzerland,Western Europe,7.587,1.39651,1.34951,0.94143,0.66557,0.41978,0.29678,2015
1,2,Iceland,Western Europe,7.561,1.30232,1.40223,0.94784,0.62877,0.14145,0.4363,2015
2,3,Denmark,Western Europe,7.527,1.32548,1.36058,0.87464,0.64938,0.48357,0.34139,2015
3,4,Norway,Western Europe,7.522,1.459,1.33095,0.88521,0.66973,0.36503,0.34699,2015
4,5,Canada,North America,7.427,1.32629,1.32261,0.90563,0.63297,0.32957,0.45811,2015
6,7,Netherlands,Western Europe,7.378,1.32944,1.28017,0.89284,0.61576,0.31814,0.4761,2015
7,8,Sweden,Western Europe,7.364,1.33171,1.28907,0.91087,0.6598,0.43844,0.36262,2015
8,9,New Zealand,Australia and New Zealand,7.286,1.25018,1.31967,0.90837,0.63938,0.42922,0.47501,2015
9,10,Australia,Australia and New Zealand,7.284,1.33358,1.30923,0.93156,0.65124,0.35637,0.43562,2015
10,11,Israel,Middle East and Northern Africa,7.278,1.22857,1.22393,0.91387,0.41319,0.07785,0.33172,2015
11,12,Costa Rica,Latin America and Caribbean,7.226,0.95578,1.23788,0.86027,0.63376,0.10583,0.25497,2015
12,13,Austria,Western Europe,7.2,1.33723,1.29704,0.89042,0.62433,0.18676,0.33088,2015
13,14,Mexico,Latin America and Caribbean,7.187,1.02054,0.91451,0.81444,0.48181,0.21312,0.14074,2015
14,15,United States,North America,7.119,1.39451,1.24711,0.86179,0.54604,0.1589,0.40105,2015
15,16,Brazil,Latin America and Caribbean,6.983,0.98124,1.23287,0.69702,0.49049,0.17521,0.14574,2015
16,17,Luxembourg,Western Europe,6.946,1.56391,1.21963,0.91894,0.61583,0.37798,0.28034,2015
18,19,Belgium,Western Europe,6.937,1.30782,1.28566,0.89667,0.5845,0.2254,0.2225,2015
19,20,United Arab Emirates,Middle East and Northern Africa,6.901,1.42727,1.12575,0.80925,0.64157,0.38583,0.26428,2015
20,21,United Kingdom,Western Europe,6.867,1.26637,1.28548,0.90943,0.59625,0.32067,0.51912,2015
21,22,Oman,Middle East and Northern Africa,6.853,1.36011,1.08182,0.76276,0.63274,0.32524,0.21542,2015
22,23,Venezuela,Latin America and Caribbean,6.81,1.04424,1.25596,0.72052,0.42908,0.11069,0.05841,2015
23,24,Singapore,Southeastern Asia,6.798,1.52186,1.02,1.02525,0.54252,0.4921,0.31105,2015
24,25,Panama,Latin America and Caribbean,6.786,1.06353,1.1985,0.79661,0.5421,0.0927,0.24434,2015
26,27,Chile,Latin America and Caribbean,6.67,1.10715,1.12447,0.85857,0.44132,0.12869,0.33363,2015
27,28,Qatar,Middle East and Northern Africa,6.611,1.69042,1.0786,0.79733,0.6404,0.52208,0.32573,2015
28,29,France,Western Europe,6.575,1.27778,1.26038,0.94579,0.55011,0.20646,0.12332,2015
29,30,Argentina,Latin America and Caribbean,6.574,1.05351,1.24823,0.78723,0.44974,0.08484,0.11451,2015
30,31,Czech Republic,Central and Eastern Europe,6.505,1.17898,1.20643,0.84483,0.46364,0.02652,0.10686,2015
31,32,Uruguay,Latin America and Caribbean,6.485,1.06166,1.2089,0.8116,0.60362,0.24558,0.2324,2015
33,34,Thailand,Southeastern Asia,6.455,0.9669,1.26504,0.7385,0.55664,0.03187,0.5763,2015
34,35,Saudi Arabia,Middle East and Northern Africa,6.411,1.39541,1.08393,0.72025,0.31048,0.32524,0.13706,2015
35,36,Spain,Western Europe,6.329,1.23011,1.31379,0.95562,0.45951,0.06398,0.18227,2015
36,37,Malta,Western Europe,6.302,1.2074,1.30203,0.88721,0.60365,0.13586,0.51752,2015
39,40,Suriname,Latin America and Caribbean,6.269,0.99534,0.972,0.6082,0.59657,0.13633,0.16991,2015
40,41,Trinidad and Tobago,Latin America and Caribbean,6.168,1.21183,1.18354,0.61483,0.55884,0.0114,0.31844,2015
41,42,El Salvador,Latin America and Caribbean,6.13,0.76454,1.02507,0.67737,0.4035,0.11776,0.10692,2015
42,43,Guatemala,Latin America and Caribbean,6.123,0.74553,1.04356,0.64425,0.57733,0.09472,0.27489,2015
43,44,Uzbekistan,Central and Eastern Europe,6.003,0.63244,1.34043,0.59772,0.65821,0.30826,0.22837,2015
44,45,Slovakia,Central and Eastern Europe,5.995,1.16891,1.26999,0.78902,0.31751,0.03431,0.16893,2015
45,46,Japan,Eastern Asia,5.987,1.27074,1.25712,0.99111,0.49615,0.1806,0.10705,2015
46,47,South Korea,Eastern Asia,5.984,1.24461,0.95774,0.96538,0.33208,0.07857,0.18557,2015
47,48,Ecuador,Latin America and Caribbean,5.975,0.86402,0.99903,0.79075,0.48574,0.1809,0.11541,2015
50,51,Bolivia,Latin America and Caribbean,5.89,0.68133,0.97841,0.5392,0.57414,0.088,0.20536,2015
51,52,Moldova,Central and Eastern Europe,5.889,0.59448,1.01528,0.61826,0.32818,0.01615,0.20951,2015
52,53,Paraguay,Latin America and Caribbean,5.878,0.75985,1.30477,0.66098,0.53899,0.08242,0.3424,2015
53,54,Kazakhstan,Central and Eastern Europe,5.855,1.12254,1.12241,0.64368,0.51649,0.08454,0.11827,2015
54,55,Slovenia,Central and Eastern Europe,5.848,1.18498,1.27385,0.87337,0.60855,0.03787,0.25328,2015
55,56,Lithuania,Central and Eastern Europe,5.833,1.14723,1.25745,0.73128,0.21342,0.01031,0.02641,2015
56,57,Nicaragua,Latin America and Caribbean,5.828,0.59325,1.14184,0.74314,0.55475,0.19317,0.27815,2015
58,59,Belarus,Central and Eastern Europe,5.813,1.03192,1.23289,0.73608,0.37938,0.1909,0.11046,2015
59,60,Poland,Central and Eastern Europe,5.791,1.12555,1.27948,0.77903,0.53122,0.04212,0.16759,2015
60,61,Malaysia,Southeastern Asia,5.77,1.12486,1.07023,0.72394,0.53024,0.10501,0.33075,2015
61,62,Croatia,Central and Eastern Europe,5.759,1.08254,0.79624,0.78805,0.25883,0.0243,0.05444,2015
62,63,Libya,Middle East and Northern Africa,5.754,1.13145,1.11862,0.7038,0.41668,0.11023,0.18295,2015
65,66,North Cyprus,Western Europe,5.695,1.20806,1.07008,0.92356,0.49027,0.1428,0.26169,2015
66,67,Cyprus,Western Europe,5.689,1.20813,0.89318,0.92356,0.40672,0.06146,0.30638,2015
67,68,Algeria,Middle East and Northern Africa,5.605,0.93929,1.07772,0.61766,0.28579,0.17383,0.07822,2015
68,69,Kosovo,Central and Eastern Europe,5.589,0.80148,0.81198,0.63132,0.24749,0.04741,0.2831,2015
69,70,Turkmenistan,Central and Eastern Europe,5.548,0.95847,1.22668,0.53886,0.4761,0.30844,0.16979,2015
71,72,Hong Kong,Eastern Asia,5.474,1.38604,1.05818,1.01328,0.59608,0.37124,0.39478,2015
72,73,Estonia,Central and Eastern Europe,5.429,1.15174,1.22791,0.77361,0.44888,0.15184,0.0868,2015
73,74,Indonesia,Southeastern Asia,5.399,0.82827,1.08708,0.63793,0.46611,0.0,0.51535,2015
74,75,Vietnam,Southeastern Asia,5.36,0.63216,0.91226,0.74676,0.59444,0.10441,0.1686,2015
75,76,Turkey,Middle East and Northern Africa,5.332,1.06098,0.94632,0.73172,0.22815,0.15746,0.12253,2015
76,77,Kyrgyzstan,Central and Eastern Europe,5.286,0.47428,1.15115,0.65088,0.43477,0.04232,0.3003,2015
79,80,Azerbaijan,Central and Eastern Europe,5.212,1.02389,0.93793,0.64045,0.3703,0.16065,0.07799,2015
81,82,Jordan,Middle East and Northern Africa,5.192,0.90198,1.05392,0.69639,0.40661,0.14293,0.11053,2015
82,82,Montenegro,Central and Eastern Europe,5.192,0.97438,0.90557,0.72521,0.1826,0.14296,0.1614,2015
84,85,Zambia,Sub-Saharan Africa,5.129,0.47038,0.91612,0.29924,0.48827,0.12468,0.19591,2015
86,87,Serbia,Central and Eastern Europe,5.123,0.92053,1.00964,0.74836,0.20107,0.02617,0.19231,2015
87,88,Portugal,Western Europe,5.102,1.15991,1.13935,0.87519,0.51469,0.01078,0.13719,2015
89,90,Philippines,Southeastern Asia,5.073,0.70532,1.03516,0.58114,0.62545,0.12279,0.24991,2015
90,91,Somaliland region,Sub-Saharan Africa,5.057,0.18847,0.95152,0.43873,0.46582,0.39928,0.50318,2015
93,94,Mozambique,Sub-Saharan Africa,4.971,0.08308,1.02626,0.09131,0.34037,0.15603,0.22269,2015
94,95,Albania,Central and Eastern Europe,4.959,0.87867,0.80434,0.81325,0.35733,0.06413,0.14272,2015
95,96,Bosnia and Herzegovina,Central and Eastern Europe,4.949,0.83223,0.91916,0.79081,0.09245,0.00227,0.24808,2015
99,100,Mongolia,Eastern Asia,4.874,0.82819,1.3006,0.60268,0.43626,0.02666,0.3323,2015
100,101,Swaziland,Sub-Saharan Africa,4.867,0.71206,1.07284,0.07566,0.30658,0.0306,0.18259,2015
101,102,Greece,Western Europe,4.857,1.15406,0.92933,0.88213,0.07699,0.01397,0.0,2015
102,103,Lebanon,Middle East and Northern Africa,4.839,1.02564,0.80001,0.83947,0.33916,0.04582,0.21854,2015
104,105,Honduras,Latin America and Caribbean,4.788,0.59532,0.95348,0.6951,0.40148,0.06825,0.23027,2015
105,106,Tajikistan,Central and Eastern Europe,4.786,0.39047,0.85563,0.57379,0.47216,0.15072,0.22974,2015
106,107,Tunisia,Middle East and Northern Africa,4.739,0.88113,0.60429,0.73793,0.26268,0.06358,0.06431,2015
107,108,Palestinian Territories,Middle East and Northern Africa,4.715,0.59867,0.92558,0.66015,0.24499,0.12905,0.11251,2015
108,109,Bangladesh,Southern Asia,4.694,0.39753,0.43106,0.60164,0.4082,0.12569,0.21222,2015
109,110,Iran,Middle East and Northern Africa,4.686,1.0088,0.54447,0.69805,0.30033,0.05863,0.38086,2015
113,114,Ghana,Sub-Saharan Africa,4.633,0.54558,0.67954,0.40132,0.42342,0.04355,0.23087,2015
114,115,Zimbabwe,Sub-Saharan Africa,4.61,0.271,1.03276,0.33475,0.25861,0.08079,0.18987,2015
116,117,India,Southern Asia,4.565,0.64499,0.38174,0.51529,0.39786,0.08492,0.26475,2015
117,118,Sudan,Sub-Saharan Africa,4.55,0.52107,1.01404,0.36878,0.10081,0.1466,0.19062,2015
120,121,Nepal,Southern Asia,4.514,0.35997,0.86449,0.56874,0.38282,0.05907,0.32296,2015
122,123,Sierra Leone,Sub-Saharan Africa,4.507,0.33024,0.95571,0.0,0.4084,0.08786,0.21488,2015
125,126,Djibouti,Sub-Saharan Africa,4.369,0.44025,0.59207,0.36291,0.46074,0.28105,0.18093,2015
126,127,Armenia,Central and Eastern Europe,4.35,0.76821,0.77711,0.7299,0.19847,0.039,0.07855,2015
128,129,Myanmar,Southeastern Asia,4.307,0.27108,0.70905,0.48246,0.44017,0.19034,0.79588,2015
130,131,Malawi,Sub-Saharan Africa,4.292,0.01604,0.41134,0.22562,0.43054,0.06977,0.33128,2015
133,134,Bulgaria,Central and Eastern Europe,4.218,1.01216,1.10614,0.76649,0.30587,0.00872,0.11921,2015
134,135,Egypt,Middle East and Northern Africa,4.194,0.8818,0.747,0.61712,0.17288,0.06324,0.11291,2015
135,136,Yemen,Middle East and Northern Africa,4.077,0.54649,0.68093,0.40064,0.35571,0.07854,0.09131,2015
136,137,Angola,Sub-Saharan Africa,4.033,0.75778,0.8604,0.16683,0.10384,0.07122,0.12344,2015
137,138,Mali,Sub-Saharan Africa,3.995,0.26074,1.03526,0.20583,0.38857,0.12352,0.18798,2015
138,139,Congo (Brazzaville),Sub-Saharan Africa,3.989,0.67866,0.6629,0.31051,0.41466,0.11686,0.12388,2015
139,140,Comoros,Sub-Saharan Africa,3.956,0.23906,0.79273,0.36315,0.22917,0.199,0.17441,2015
143,144,Niger,Sub-Saharan Africa,3.845,0.0694,0.77265,0.29707,0.47692,0.15639,0.19387,2015
144,145,Cambodia,Southeastern Asia,3.819,0.46038,0.62736,0.61114,0.66246,0.07247,0.40359,2015
145,146,Tanzania,Sub-Saharan Africa,3.781,0.2852,1.00268,0.38215,0.32878,0.05747,0.34377,2015
147,148,Central African Republic,Sub-Saharan Africa,3.678,0.0785,0.0,0.06699,0.48879,0.08289,0.23835,2015
148,149,Chad,Sub-Saharan Africa,3.667,0.34193,0.76062,0.1501,0.23501,0.05269,0.18386,2015
149,150,Guinea,Sub-Saharan Africa,3.656,0.17417,0.46475,0.24009,0.37725,0.12139,0.28657,2015
150,151,Ivory Coast,Sub-Saharan Africa,3.655,0.46534,0.77115,0.15185,0.46866,0.17922,0.20165,2015
151,152,Burkina Faso,Sub-Saharan Africa,3.587,0.25812,0.85188,0.27125,0.39493,0.12832,0.21747,2015
152,153,Afghanistan,Southern Asia,3.575,0.31982,0.30285,0.30335,0.23414,0.09719,0.3651,2015
154,155,Benin,Sub-Saharan Africa,3.34,0.28665,0.35386,0.3191,0.4845,0.0801,0.1826,2015
156,157,Burundi,Sub-Saharan Africa,2.905,0.0153,0.41587,0.22396,0.1185,0.10062,0.19727,2015
157,158,Togo,Sub-Saharan Africa,2.839,0.20868,0.13995,0.28443,0.36453,0.10731,0.16681,2015
0,1,Denmark,Western Europe,7.526,1.44178,1.16374,0.79504,0.57941,0.44453,0.36171,2016
1,2,Switzerland,Western Europe,7.509,1.52733,1.14524,0.86303,0.58557,0.41203,0.28083,2016
2,3,Iceland,Western Europe,7.501,1.42666,1.18326,0.86733,0.56624,0.14975,0.47678,2016
3,4,Norway,Western Europe,7.498,1.57744,1.1269,0.79579,0.59609,0.35776,0.37895,2016
4,5,Finland,Western Europe,7.413,1.40598,1.13464,0.81091,0.57104,0.41004,0.25492,2016
6,7,Netherlands,Western Europe,7.339,1.46468,1.02912,0.81231,0.55211,0.29927,0.47416,2016
7,8,New Zealand,Australia and New Zealand,7.334,1.36066,1.17278,0.83096,0.58147,0.41904,0.49401,2016
8,9,Australia,Australia and New Zealand,7.313,1.44443,1.10476,0.8512,0.56837,0.32331,0.47407,2016
9,10,Sweden,Western Europe,7.291,1.45181,1.08764,0.83121,0.58218,0.40867,0.38254,2016
10,11,Israel,Middle East and Northern Africa,7.267,1.33766,0.99537,0.84917,0.36432,0.08728,0.32288,2016
11,12,Austria,Western Europe,7.119,1.45038,1.08383,0.80565,0.54355,0.21348,0.32865,2016
12,13,United States,North America,7.104,1.50796,1.04782,0.779,0.48163,0.14868,0.41077,2016
13,14,Costa Rica,Latin America and Caribbean,7.087,1.06879,1.02152,0.76146,0.55225,0.10547,0.22553,2016
14,15,Puerto Rico,Latin America and Caribbean,7.039,1.35943,1.08113,0.77758,0.46823,0.12275,0.22202,2016
15,16,Germany,Western Europe,6.994,1.44787,1.09774,0.81487,0.53466,0.28551,0.30452,2016
16,17,Brazil,Latin America and Caribbean,6.952,1.08754,1.03938,0.61415,0.40425,0.14166,0.15776,2016
18,19,Ireland,Western Europe,6.907,1.48341,1.16157,0.81455,0.54008,0.29754,0.44963,2016
19,20,Luxembourg,Western Europe,6.871,1.69752,1.03999,0.84542,0.5487,0.35329,0.27571,2016
20,21,Mexico,Latin America and Caribbean,6.778,1.11508,0.7146,0.71143,0.37709,0.18355,0.11735,2016
21,22,Singapore,Southeastern Asia,6.739,1.64555,0.86758,0.94719,0.4877,0.46987,0.32706,2016
22,23,United Kingdom,Western Europe,6.725,1.40283,1.08672,0.80991,0.50036,0.27399,0.50156,2016
23,24,Chile,Latin America and Caribbean,6.705,1.2167,0.90587,0.81883,0.37789,0.11451,0.31595,2016
24,25,Panama,Latin America and Caribbean,6.701,1.18306,0.98912,0.70835,0.48927,0.08423,0.2418,2016
26,27,Czech Republic,Central and Eastern Europe,6.596,1.30915,1.00793,0.76376,0.41418,0.03986,0.09929,2016
27,28,United Arab Emirates,Middle East and Northern Africa,6.573,1.57352,0.87114,0.72993,0.56215,0.35561,0.26591,2016
28,29,Uruguay,Latin America and Caribbean,6.545,1.18157,1.03143,0.72183,0.54388,0.21394,0.18056,2016
29,30,Malta,Western Europe,6.488,1.30782,1.09879,0.80315,0.54994,0.17554,0.56237,2016
30,31,Colombia,Latin America and Caribbean,6.481,1.03032,1.02169,0.59659,0.44735,0.05399,0.15626,2016
31,32,France,Western Europe,6.478,1.39488,1.00508,0.83795,0.46562,0.17808,0.1216,2016
33,34,Saudi Arabia,Middle East and Northern Africa,6.379,1.48953,0.84829,0.59267,0.37904,0.30008,0.15457,2016
34,34,Taiwan,Eastern Asia,6.379,1.39729,0.92624,0.79565,0.32377,0.0663,0.25495,2016
35,36,Qatar,Middle East and Northern Africa,6.375,1.82427,0.87964,0.71723,0.56679,0.48049,0.32388,2016
36,37,Spain,Western Europe,6.361,1.34253,1.12945,0.87896,0.37545,0.06137,0.17665,2016
39,40,Suriname,Latin America and Caribbean,6.269,1.09686,0.77866,0.50933,0.52234,0.12692,0.16665,2016
40,41,Kuwait,Middle East and Northern Africa,6.239,1.61714,0.87758,0.63569,0.43166,0.23669,0.15965,2016
41,42,Bahrain,Middle East and Northern Africa,6.218,1.44024,0.94397,0.65696,0.47375,0.25772,0.17147,2016
42,43,Trinidad and Tobago,Latin America and Caribbean,6.168,1.32572,0.98569,0.52608,0.48453,0.01241,0.31935,2016
43,44,Venezuela,Latin America and Caribbean,6.084,1.13367,1.03302,0.61904,0.19847,0.08304,0.0425,2016
44,45,Slovakia,Central and Eastern Europe,6.078,1.27973,1.08268,0.70367,0.23391,0.02947,0.13837,2016
45,46,El Salvador,Latin America and Caribbean,6.068,0.8737,0.80975,0.596,0.37269,0.10613,0.08877,2016
46,47,Malaysia,Southeastern Asia,6.005,1.25142,0.88025,0.62366,0.39031,0.09081,0.41474,2016
47,48,Nicaragua,Latin America and Caribbean,5.992,0.69384,0.89521,0.65213,0.46582,0.16292,0.29773,2016
50,51,Ecuador,Latin America and Caribbean,5.976,0.97306,0.85974,0.68613,0.4027,0.18037,0.10074,2016
51,52,Belize,Latin America and Caribbean,5.956,0.87616,0.68655,0.45569,0.51231,0.10771,0.23684,2016
52,53,Japan,Eastern Asia,5.921,1.38007,1.06054,0.91491,0.46761,0.18985,0.10224,2016
53,54,Kazakhstan,Central and Eastern Europe,5.919,1.22943,0.95544,0.57386,0.4052,0.11132,0.15011,2016
54,55,Moldova,Central and Eastern Europe,5.897,0.69177,0.83132,0.52309,0.25202,0.01903,0.19997,2016
55,56,Russia,Central and Eastern Europe,5.856,1.23228,1.05261,0.58991,0.32682,0.03586,0.02736,2016
56,57,Poland,Central and Eastern Europe,5.835,1.24585,1.04685,0.69058,0.4519,0.055,0.14443,2016
58,59,Bolivia,Latin America and Caribbean,5.822,0.79422,0.83779,0.4697,0.50961,0.07746,0.21698,2016
59,60,Lithuania,Central and Eastern Europe,5.813,1.2692,1.06411,0.64674,0.18929,0.0182,0.02025,2016
60,61,Belarus,Central and Eastern Europe,5.802,1.13062,1.04993,0.63104,0.29091,0.17457,0.13942,2016
61,62,North Cyprus,Western Europe,5.771,1.31141,0.81826,0.84142,0.43596,0.16578,0.26322,2016
62,63,Slovenia,Central and Eastern Europe,5.768,1.29947,1.05613,0.79151,0.53164,0.03635,0.25738,2016
65,66,Mauritius,Sub-Saharan Africa,5.648,1.14372,0.75695,0.66189,0.46145,0.05203,0.36951,2016
66,67,Libya,Middle East and Northern Africa,5.615,1.06688,0.95076,0.52304,0.40672,0.10339,0.17087,2016
67,68,Latvia,Central and Eastern Europe,5.56,1.21788,0.95025,0.63952,0.27996,0.0889,0.17445,2016
68,69,Cyprus,Western Europe,5.546,1.31857,0.70697,0.8488,0.29507,0.05228,0.27906,2016
69,70,Paraguay,Latin America and Caribbean,5.538,0.89373,1.11111,0.58295,0.46235,0.07396,0.25296,2016
71,72,Estonia,Central and Eastern Europe,5.517,1.27964,1.05163,0.68098,0.41511,0.18519,0.08423,2016
72,73,Jamaica,Latin America and Caribbean,5.51,0.89333,0.96372,0.59469,0.43597,0.04294,0.22245,2016
73,74,Croatia,Central and Eastern Europe,5.488,1.18649,0.60809,0.70524,0.23907,0.04002,0.18434,2016
74,75,Hong Kong,Eastern Asia,5.458,1.5107,0.87021,0.95277,0.48079,0.31647,0.40097,2016
75,76,Somalia,Sub-Saharan Africa,5.44,0.0,0.33613,0.11466,0.56778,0.3118,0.27225,2016
76,77,Kosovo,Central and Eastern Europe,5.401,0.90145,0.66062,0.54,0.14396,0.06547,0.27992,2016
79,80,Jordan,Middle East and Northern Africa,5.303,0.99673,0.86216,0.60712,0.36023,0.13297,0.14262,2016
81,82,Philippines,Southeastern Asia,5.279,0.81217,0.87877,0.47036,0.54854,0.11757,0.21674,2016
82,83,China,Eastern Asia,5.245,1.0278,0.79381,0.73561,0.44012,0.02745,0.04959,2016
84,85,Kyrgyzstan,Central and Eastern Europe,5.185,0.56044,0.95434,0.55449,0.40212,0.04762,0.38432,2016
86,87,Bosnia and Herzegovina,Central and Eastern Europe,5.163,0.93383,0.64367,0.70766,0.09511,0.0,0.29889,2016
87,88,Montenegro,Central and Eastern Europe,5.161,1.07838,0.74173,0.63533,0.15111,0.12721,0.17191,2016
89,90,Morocco,Middle East and Northern Africa,5.151,0.84058,0.38595,0.59471,0.25646,0.08404,0.04053,2016
90,91,Hungary,Central and Eastern Europe,5.145,1.24142,0.93164,0.67608,0.1977,0.04472,0.099,2016
93,94,Portugal,Western Europe,5.123,1.27607,0.94367,0.79363,0.44727,0.01521,0.11691,2016
94,95,Macedonia,Central and Eastern Europe,5.121,1.0193,0.78236,0.64738,0.27668,0.07047,0.23507,2016
95,96,Vietnam,Southeastern Asia,5.061,0.74037,0.79117,0.66157,0.55954,0.11556,0.25075,2016
99,100,Tajikistan,Central and Eastern Europe,4.996,0.48835,0.75602,0.53119,0.43408,0.13509,0.25998,2016
100,101,Mongolia,Eastern Asia,4.907,0.98853,1.08983,0.55469,0.35972,0.03285,0.34539,2016
101,102,Laos,Southeastern Asia,4.876,0.68042,0.5497,0.38291,0.52168,0.22423,0.43079,2016
102,103,Nigeria,Sub-Saharan Africa,4.875,0.75216,0.64498,0.05108,0.27854,0.0305,0.23219,2016
104,105,Iran,Middle East and Northern Africa,4.813,1.11758,0.38857,0.64232,0.22544,0.0557,0.38538,2016
105,106,Zambia,Sub-Saharan Africa,4.795,0.61202,0.6376,0.23573,0.42662,0.11479,0.17866,2016
106,107,Nepal,Southern Asia,4.793,0.44626,0.69699,0.50073,0.37012,0.07008,0.3816,2016
107,108,Palestinian Territories,Middle East and Northern Africa,4.754,0.67024,0.71629,0.56844,0.17744,0.10613,0.11154,2016
108,109,Albania,Central and Eastern Europe,4.655,0.9553,0.50163,0.73007,0.31866,0.05301,0.1684,2016
109,110,Bangladesh,Southern Asia,4.643,0.54177,0.24749,0.52989,0.39778,0.12583,0.19132,2016
113,114,Cameroon,Sub-Saharan Africa,4.513,0.52497,0.62542,0.12698,0.42736,0.06126,0.2268,2016
114,115,Ethiopia,Sub-Saharan Africa,4.508,0.29283,0.37932,0.34578,0.36703,0.1717,0.29522,2016
116,117,Sri Lanka,Southern Asia,4.415,0.97318,0.84783,0.62007,0.50817,0.07964,0.46978,2016
117,118,India,Southern Asia,4.404,0.74036,0.29247,0.45091,0.40285,0.08722,0.25028,2016
120,121,Armenia,Central and Eastern Europe,4.36,0.86086,0.62477,0.64083,0.14037,0.03616,0.07793,2016
122,123,Ukraine,Central and Eastern Europe,4.324,0.87287,1.01413,0.58628,0.12859,0.01829,0.20363,2016
125,126,Georgia,Central and Eastern Europe,4.252,0.83792,0.19249,0.64035,0.32461,0.3188,0.06786,2016
126,127,Congo (Brazzaville),Sub-Saharan Africa,4.236,0.77109,0.47799,0.28212,0.37938,0.09753,0.12077,2016
128,129,Bulgaria,Central and Eastern Europe,4.217,1.11306,0.92542,0.67806,0.21219,0.00615,0.12793,2016
130,131,Zimbabwe,Sub-Saharan Africa,4.193,0.35041,0.71478,0.1595,0.25429,0.08582,0.18503,2016
133,134,Gabon,Sub-Saharan Africa,4.121,1.15851,0.72368,0.3494,0.28098,0.09314,0.06244,2016
134,135,Mali,Sub-Saharan Africa,4.073,0.31292,0.86333,0.16347,0.27544,0.13647,0.21064,2016
135,136,Haiti,Latin America and Caribbean,4.028,0.34097,0.29561,0.27494,0.12072,0.14476,0.47958,2016
136,137,Botswana,Sub-Saharan Africa,3.974,1.09426,0.89186,0.34752,0.44089,0.10769,0.12425,2016
137,138,Comoros,Sub-Saharan Africa,3.956,0.27509,0.60323,0.29981,0.15412,0.18437,0.1827,2016
138,139,Ivory Coast,Sub-Saharan Africa,3.916,0.55507,0.57576,0.04476,0.40663,0.1553,0.20338,2016
139,140,Cambodia,Southeastern Asia,3.907,0.55604,0.5375,0.42494,0.58852,0.08092,0.40339,2016
143,144,Chad,Sub-Saharan Africa,3.763,0.42214,0.63178,0.03824,0.12807,0.04952,0.18667,2016
144,145,Burkina Faso,Sub-Saharan Africa,3.739,0.31995,0.63054,0.21297,0.3337,0.12533,0.24353,2016
145,145,Uganda,Sub-Saharan Africa,3.739,0.34719,0.90981,0.19625,0.43653,0.06442,0.27102,2016
147,148,Madagascar,Sub-Saharan Africa,3.695,0.27954,0.46115,0.37109,0.13684,0.07506,0.2204,2016
148,149,Tanzania,Sub-Saharan Africa,3.666,0.47155,0.77623,0.357,0.3176,0.05099,0.31472,2016
149,150,Liberia,Sub-Saharan Africa,3.622,0.10706,0.50353,0.23165,0.25748,0.04852,0.24063,2016
150,151,Guinea,Sub-Saharan Africa,3.607,0.22415,0.3109,0.18829,0.30953,0.1192,0.29914,2016
151,152,Rwanda,Sub-Saharan Africa,3.515,0.32846,0.61586,0.31865,0.5432,0.50521,0.23552,2016
152,153,Benin,Sub-Saharan Africa,3.484,0.39499,0.10419,0.21028,0.39747,0.06681,0.2018,2016
154,155,Togo,Sub-Saharan Africa,3.303,0.28123,0.0,0.24811,0.34678,0.11587,0.17517,2016
156,157,Burundi,Sub-Saharan Africa,2.905,0.06831,0.23442,0.15747,0.0432,0.09419,0.2029,2016
0,1,Norway,Western Europe,7.53700017929077,1.61646318435669,1.53352355957031,0.796666502952576,0.635422587394714,0.315963834524155,0.36201223731041,2017
1,2,Denmark,Western Europe,7.52199983596802,1.48238301277161,1.55112159252167,0.792565524578094,0.626006722450256,0.40077006816864,0.355280488729477,2017
2,3,Iceland,Western Europe,7.50400018692017,1.480633020401,1.6105740070343,0.833552122116089,0.627162635326385,0.153526559472084,0.475540220737457,2017
3,4,Switzerland,Western Europe,7.49399995803833,1.56497955322266,1.51691174507141,0.858131289482117,0.620070576667786,0.367007285356522,0.290549278259277,2017
4,5,Finland,Western Europe,7.4689998626709,1.44357192516327,1.5402467250824,0.80915766954422,0.617950856685638,0.38261154294014,0.24548277258873,2017
6,7,Canada,North America,7.31599998474121,1.47920441627502,1.48134899139404,0.83455765247345,0.611100912094116,0.287371516227722,0.435539722442627,2017
7,8,New Zealand,Australia and New Zealand,7.31400012969971,1.40570604801178,1.54819512367249,0.816759705543518,0.614062130451202,0.382816702127457,0.500005125999451,2017
8,9,Sweden,Western Europe,7.28399991989136,1.49438726902008,1.47816216945648,0.830875158309937,0.612924098968506,0.384398728609085,0.385399252176285,2017
9,10,Australia,Australia and New Zealand,7.28399991989136,1.484414935112,1.51004195213318,0.84388679265976,0.601607382297516,0.301183730363846,0.477699249982834,2017
10,11,Israel,Middle East and Northern Africa,7.21299982070923,1.37538242340088,1.37628996372223,0.83840399980545,0.405988603830338,0.0852421000599861,0.330082654953003,2017
11,12,Costa Rica,Latin America and Caribbean,7.0789999961853,1.10970628261566,1.41640365123749,0.759509265422821,0.580131649971008,0.100106589496136,0.214613229036331,2017
12,13,Austria,Western Europe,7.00600004196167,1.48709726333618,1.4599449634552,0.815328419208527,0.567766189575195,0.221060365438461,0.316472321748734,2017
13,14,United States,North America,6.99300003051758,1.54625928401947,1.41992056369781,0.77428662776947,0.505740523338318,0.135638788342476,0.392578780651093,2017
14,15,Ireland,Western Europe,6.97700023651123,1.53570663928986,1.55823111534119,0.80978262424469,0.573110342025757,0.29838815331459,0.42785832285881,2017
15,16,Germany,Western Europe,6.95100021362305,1.48792338371277,1.47252035140991,0.798950731754303,0.562511384487152,0.276731938123703,0.336269170045853,2017
16,17,Belgium,Western Europe,6.89099979400635,1.46378076076508,1.46231269836426,0.818091869354248,0.539770722389221,0.251343131065369,0.231503337621689,2017
18,19,United Kingdom,Western Europe,6.71400022506714,1.44163393974304,1.49646008014679,0.805335938930511,0.508190035820007,0.265428066253662,0.492774158716202,2017
19,20,Chile,Latin America and Caribbean,6.65199995040894,1.25278460979462,1.28402495384216,0.819479703903198,0.376895278692245,0.0822879821062088,0.326662421226501,2017
20,21,United Arab Emirates,Middle East and Northern Africa,6.64799976348877,1.62634336948395,1.26641023159027,0.726798236370087,0.60834527015686,0.324489563703537,0.3609419465065,2017
21,22,Brazil,Latin America and Caribbean,6.63500022888184,1.10735321044922,1.43130600452423,0.616552352905273,0.437453746795654,0.111092761158943,0.16234989464283,2017
22,23,Czech Republic,Central and Eastern Europe,6.60900020599365,1.35268235206604,1.43388521671295,0.754444003105164,0.490946173667908,0.0368729270994663,0.0881067588925362,2017
23,24,Argentina,Latin America and Caribbean,6.59899997711182,1.18529546260834,1.44045114517212,0.695137083530426,0.494519203901291,0.059739887714386,0.109457060694695,2017
24,25,Mexico,Latin America and Caribbean,6.57800006866455,1.15318381786346,1.210862159729,0.709978997707367,0.412730008363724,0.132774114608765,0.120990432798862,2017
26,27,Malta,Western Europe,6.52699995040894,1.34327983856201,1.48841166496277,0.821944236755371,0.588767051696777,0.153066068887711,0.574730575084686,2017
27,28,Uruguay,Latin America and Caribbean,6.4539999961853,1.21755969524384,1.41222786903381,0.719216823577881,0.57939225435257,0.178061872720718,0.175096929073334,2017
28,29,Guatemala,Latin America and Caribbean,6.4539999961853,0.872001945972443,1.25558519363403,0.540239989757538,0.531310617923737,0.0772232785820961,0.283488392829895,2017
29,30,Panama,Latin America and Caribbean,6.4520001411438,1.23374843597412,1.37319254875183,0.706156134605408,0.550026834011078,0.070983923971653,0.21055693924427,2017
30,31,France,Western Europe,6.44199991226196,1.43092346191406,1.38777685165405,0.844465851783752,0.470222115516663,0.172502428293228,0.129762306809425,2017
31,32,Thailand,Southeastern Asia,6.42399978637695,1.12786877155304,1.42579245567322,0.647239029407501,0.580200731754303,0.0316127352416515,0.572123110294342,2017
33,34,Spain,Western Europe,6.40299987792969,1.38439786434174,1.53209090232849,0.888960599899292,0.408781230449677,0.0709140971302986,0.190133571624756,2017
34,35,Qatar,Middle East and Northern Africa,6.375,1.87076568603516,1.27429687976837,0.710098087787628,0.604130983352661,0.439299255609512,0.330473870038986,2017
35,36,Colombia,Latin America and Caribbean,6.35699987411499,1.07062232494354,1.4021829366684,0.595027923583984,0.477487415075302,0.0466687418520451,0.149014472961426,2017
36,37,Saudi Arabia,Middle East and Northern Africa,6.3439998626709,1.53062355518341,1.28667759895325,0.590148329734802,0.449750572443008,0.27343225479126,0.147616013884544,2017
39,40,Slovakia,Central and Eastern Europe,6.09800004959106,1.32539355754852,1.50505924224854,0.712732911109924,0.295817464590073,0.0242108516395092,0.136544480919838,2017
40,41,Bahrain,Middle East and Northern Africa,6.08699989318848,1.48841226100922,1.32311046123505,0.653133034706116,0.536746919155121,0.257042169570923,0.172668486833572,2017
41,42,Malaysia,Southeastern Asia,6.08400011062622,1.29121541976929,1.28464603424072,0.618784427642822,0.402264982461929,0.0656007081270218,0.416608929634094,2017
42,43,Nicaragua,Latin America and Caribbean,6.07100009918213,0.737299203872681,1.28721570968628,0.653095960617065,0.447551846504211,0.130687981843948,0.301674216985703,2017
43,44,Ecuador,Latin America and Caribbean,6.00799989700317,1.00082039833069,1.28616881370544,0.685636222362518,0.4551981985569,0.140134647488594,0.150112465023994,2017
44,45,El Salvador,Latin America and Caribbean,6.00299978256226,0.909784495830536,1.18212509155273,0.596018552780151,0.432452529668808,0.0899809598922729,0.0782579854130745,2017
45,46,Poland,Central and Eastern Europe,5.97300004959106,1.29178786277771,1.44571197032928,0.699475347995758,0.520342111587524,0.0593078061938286,0.158465966582298,2017
46,47,Uzbekistan,Central and Eastern Europe,5.97100019454956,0.786441087722778,1.54896914958954,0.498272627592087,0.658248662948608,0.246528223156929,0.415983647108078,2017
47,48,Italy,Western Europe,5.96400022506714,1.39506661891937,1.44492328166962,0.853144347667694,0.256450712680817,0.0280280914157629,0.17278964817524,2017
50,51,Japan,Eastern Asia,5.92000007629395,1.41691517829895,1.43633782863617,0.913475871086121,0.505625545978546,0.163760736584663,0.12057276815176,2017
51,52,Lithuania,Central and Eastern Europe,5.90199995040894,1.31458234786987,1.47351610660553,0.62894994020462,0.234231784939766,0.0118656428530812,0.010164656676352,2017
52,53,Algeria,Middle East and Northern Africa,5.87200021743774,1.09186446666718,1.1462174654007,0.617584645748138,0.233335807919502,0.146096110343933,0.0694366469979286,2017
53,54,Latvia,Central and Eastern Europe,5.84999990463257,1.26074862480164,1.40471494197845,0.638566970825195,0.325707912445068,0.0738427266478539,0.153074786067009,2017
54,55,South Korea,Eastern Asia,5.83799982070923,1.40167844295502,1.12827444076538,0.900214076042175,0.257921665906906,0.0632826685905457,0.206674367189407,2017
55,56,Moldova,Central and Eastern Europe,5.83799982070923,0.728870630264282,1.25182557106018,0.589465200901031,0.240729048848152,0.0100912861526012,0.208779126405716,2017
56,57,Romania,Central and Eastern Europe,5.82499980926514,1.21768391132355,1.15009129047394,0.685158312320709,0.457003742456436,0.00438790069893,0.133519917726517,2017
58,59,Turkmenistan,Central and Eastern Europe,5.82200002670288,1.13077676296234,1.49314916133881,0.437726080417633,0.41827192902565,0.259270340204239,0.24992498755455,2017
59,60,Kazakhstan,Central and Eastern Europe,5.81899976730347,1.28455626964569,1.38436901569366,0.606041550636292,0.437454283237457,0.119282886385918,0.201964423060417,2017
60,61,North Cyprus,Western Europe,5.80999994277954,1.3469113111496,1.18630337715149,0.834647238254547,0.471203625202179,0.155353352427483,0.266845703125,2017
61,62,Slovenia,Central and Eastern Europe,5.75799989700317,1.3412059545517,1.45251882076263,0.790828227996826,0.572575807571411,0.0451289787888527,0.242649093270302,2017
62,63,Peru,Latin America and Caribbean,5.71500015258789,1.03522527217865,1.21877038478851,0.630166113376617,0.450002878904343,0.0470490865409374,0.126819714903831,2017
65,66,Estonia,Central and Eastern Europe,5.61100006103516,1.32087934017181,1.47667109966278,0.695168316364288,0.479131430387497,0.183248922228813,0.0988908112049103,2017
66,67,Belarus,Central and Eastern Europe,5.56899976730347,1.15655755996704,1.44494521617889,0.637714266777039,0.295400261878967,0.156313821673393,0.15513750910759,2017
67,68,Libya,Middle East and Northern Africa,5.52500009536743,1.10180306434631,1.35756433010101,0.520169019699097,0.465733230113983,0.0926102101802826,0.152073666453362,2017
68,69,Turkey,Middle East and Northern Africa,5.5,1.19827437400818,1.33775317668915,0.637605607509613,0.300740599632263,0.0996715798974037,0.0466930419206619,2017
69,70,Paraguay,Latin America and Caribbean,5.49300003051758,0.932537317276001,1.50728487968445,0.579250693321228,0.473507791757584,0.091065913438797,0.224150657653809,2017
71,72,Philippines,Southeastern Asia,5.42999982833862,0.85769921541214,1.25391757488251,0.468009054660797,0.585214674472809,0.0993318930268288,0.193513423204422,2017
72,73,Serbia,Central and Eastern Europe,5.39499998092651,1.06931757926941,1.25818979740143,0.65078467130661,0.208715528249741,0.0409037806093693,0.220125883817673,2017
73,74,Jordan,Middle East and Northern Africa,5.33599996566772,0.991012394428253,1.23908889293671,0.604590058326721,0.418421149253845,0.11980327218771,0.172170460224152,2017
74,75,Hungary,Central and Eastern Europe,5.32399988174438,1.2860119342804,1.34313309192657,0.687763452529907,0.175863519310951,0.0366369374096394,0.0784016624093056,2017
75,76,Jamaica,Latin America and Caribbean,5.31099987030029,0.925579309463501,1.36821806430817,0.641022384166718,0.474307239055634,0.0552677810192108,0.233818337321281,2017
76,77,Croatia,Central and Eastern Europe,5.29300022125244,1.22255623340607,0.96798300743103,0.701288521289825,0.255772292613983,0.0431031100451946,0.248002976179123,2017
79,80,Pakistan,Southern Asia,5.26900005340576,0.72688353061676,0.672690689563751,0.402047783136368,0.23521526157856,0.124348066747189,0.315446019172668,2017
81,82,Venezuela,Latin America and Caribbean,5.25,1.12843120098114,1.43133759498596,0.617144227027893,0.153997123241425,0.0644911229610443,0.0650196298956871,2017
82,83,Montenegro,Central and Eastern Europe,5.23699998855591,1.12112903594971,1.23837649822235,0.667464673519135,0.194989055395126,0.0881741940975189,0.197911024093628,2017
84,85,Azerbaijan,Central and Eastern Europe,5.23400020599365,1.15360176563263,1.15240025520325,0.540775775909424,0.398155838251114,0.180987507104874,0.0452693402767181,2017
86,87,Greece,Western Europe,5.22700023651123,1.28948748111725,1.23941457271576,0.810198903083801,0.0957312509417534,0.04328977689147,0.0,2017
87,88,Lebanon,Middle East and Northern Africa,5.22499990463257,1.07498753070831,1.12962424755096,0.735081076622009,0.288515985012054,0.037513829767704,0.264450758695602,2017
89,90,Bosnia and Herzegovina,Central and Eastern Europe,5.18200016021729,0.982409417629242,1.0693359375,0.705186307430267,0.204403176903725,0.0,0.328867495059967,2017
90,91,Honduras,Latin America and Caribbean,5.18100023269653,0.730573117733002,1.14394497871399,0.582569479942322,0.348079860210419,0.0733454525470734,0.236188873648643,2017
93,94,Vietnam,Southeastern Asia,5.07399988174438,0.788547575473785,1.27749133110046,0.652168989181519,0.571055591106415,0.0876332372426987,0.234968051314354,2017
94,95,Nigeria,Sub-Saharan Africa,5.07399988174438,0.783756256103516,1.21577048301697,0.0569157302379608,0.394952565431595,0.0261215660721064,0.230947196483612,2017
95,96,Tajikistan,Central and Eastern Europe,5.04099988937378,0.524713635444641,1.27146327495575,0.529235124588013,0.471566706895828,0.146377146244049,0.248997643589973,2017
99,100,Mongolia,Eastern Asia,4.95499992370605,1.02723586559296,1.4930112361908,0.557783484458923,0.394143968820572,0.0329022891819477,0.338464230298996,2017
100,101,South Africa,Sub-Saharan Africa,4.8289999961853,1.05469870567322,1.38478863239288,0.187080070376396,0.479246735572815,0.0725094974040985,0.139362379908562,2017
101,102,Tunisia,Middle East and Northern Africa,4.80499982833862,1.00726580619812,0.868351459503174,0.613212049007416,0.289680689573288,0.0867231488227844,0.0496933571994305,2017
102,103,Palestinian Territories,Middle East and Northern Africa,4.77500009536743,0.716249227523804,1.15564715862274,0.565666973590851,0.25471106171608,0.0892826020717621,0.114173173904419,2017
104,105,Bulgaria,Central and Eastern Europe,4.71400022506714,1.1614590883255,1.43437945842743,0.708217680454254,0.289231717586517,0.0110515309497714,0.113177694380283,2017
105,106,Sierra Leone,Sub-Saharan Africa,4.70900011062622,0.36842092871666,0.984136044979095,0.0055647538974881,0.318697690963745,0.0710951760411263,0.293040901422501,2017
106,107,Cameroon,Sub-Saharan Africa,4.69500017166138,0.564305365085602,0.946018218994141,0.132892116904259,0.430388748645782,0.0513066314160824,0.236298456788063,2017
107,108,Iran,Middle East and Northern Africa,4.69199991226196,1.15687310695648,0.711551249027252,0.639333188533783,0.249322608113289,0.048761073499918,0.387242913246155,2017
108,109,Albania,Central and Eastern Europe,4.64400005340576,0.996192753314972,0.803685247898102,0.731159746646881,0.381498634815216,0.0398642159998417,0.201312944293022,2017
109,110,Bangladesh,Southern Asia,4.60799980163574,0.586682975292206,0.735131740570068,0.533241033554077,0.478356659412384,0.123717859387398,0.172255352139473,2017
113,114,Myanmar,Southeastern Asia,4.54500007629395,0.367110550403595,1.12323594093323,0.397522568702698,0.514492034912109,0.188816204667091,0.838075160980225,2017
114,115,Senegal,Sub-Saharan Africa,4.53499984741211,0.479309022426605,1.17969191074371,0.409362852573395,0.377922266721725,0.115460447967052,0.183468893170357,2017
116,117,Iraq,Middle East and Northern Africa,4.49700021743774,1.10271048545837,0.978613197803497,0.501180469989777,0.288555532693863,0.107215754687786,0.19963726401329,2017
117,118,Gabon,Sub-Saharan Africa,4.46500015258789,1.1982102394104,1.1556202173233,0.356578588485718,0.312328577041626,0.0760467872023582,0.0437853783369064,2017
120,121,Armenia,Central and Eastern Europe,4.37599992752075,0.900596737861633,1.00748372077942,0.637524425983429,0.198303267359734,0.0266744215041399,0.0834880918264389,2017
122,123,Mauritania,Sub-Saharan Africa,4.29199981689453,0.648457288742065,1.2720308303833,0.285349279642105,0.0960980430245399,0.136957004666328,0.201870024204254,2017
125,126,Congo (Kinshasa),Sub-Saharan Africa,4.28000020980835,0.0921023488044739,1.22902345657349,0.191407024860382,0.235961347818375,0.0602413564920425,0.246455833315849,2017
126,127,Mali,Sub-Saharan Africa,4.19000005722046,0.476180493831635,1.28147339820862,0.169365674257278,0.306613743305206,0.104970246553421,0.183354198932648,2017
128,129,Cambodia,Southeastern Asia,4.16800022125244,0.601765096187592,1.00623834133148,0.429783403873444,0.633375823497772,0.0681059509515762,0.385922968387604,2017
130,131,Ghana,Sub-Saharan Africa,4.11999988555908,0.667224824428558,0.873664736747742,0.295637726783752,0.423026293516159,0.0253363698720932,0.256923943758011,2017
133,134,Burkina Faso,Sub-Saharan Africa,4.03200006484985,0.3502277135849,1.04328000545502,0.215844258666039,0.324367851018906,0.120328105986118,0.250864684581757,2017
134,135,Niger,Sub-Saharan Africa,4.02799987792969,0.161925330758095,0.993025004863739,0.26850500702858,0.36365869641304,0.138572946190834,0.228673845529556,2017
135,136,Malawi,Sub-Saharan Africa,3.97000002861023,0.233442038297653,0.512568831443787,0.315089583396912,0.466914653778076,0.0727116540074348,0.287170469760895,2017
136,137,Chad,Sub-Saharan Africa,3.93600010871887,0.438012987375259,0.953855872154236,0.0411347150802612,0.16234202682972,0.0535818822681904,0.216113850474358,2017
137,138,Zimbabwe,Sub-Saharan Africa,3.875,0.375846534967422,1.08309590816498,0.196763753890991,0.336384207010269,0.0953753814101219,0.189143493771553,2017
138,139,Lesotho,Sub-Saharan Africa,3.80800008773804,0.521021246910095,1.19009518623352,0.0,0.390661299228668,0.119094640016556,0.157497271895409,2017
139,140,Angola,Sub-Saharan Africa,3.79500007629395,0.858428180217743,1.10441195964813,0.0498686656355858,0.0,0.0697203353047371,0.097926490008831,2017
143,144,Madagascar,Sub-Saharan Africa,3.64400005340576,0.305808693170547,0.913020372390747,0.375223308801651,0.189196765422821,0.0672319754958153,0.208732530474663,2017
144,145,Haiti,Latin America and Caribbean,3.6029999256134,0.368610262870789,0.640449821949005,0.277321130037308,0.0303698573261499,0.0998721495270729,0.489203780889511,2017
145,146,Yemen,Middle East and Northern Africa,3.59299993515015,0.591683447360992,0.93538224697113,0.310080915689468,0.249463722109795,0.0567674227058887,0.104125209152699,2017
147,148,Liberia,Sub-Saharan Africa,3.53299999237061,0.119041793048382,0.872117936611176,0.229918196797371,0.332881182432175,0.0389482490718365,0.26654988527298,2017
148,149,Guinea,Sub-Saharan Africa,3.50699996948242,0.244549930095673,0.791244685649872,0.194129139184952,0.348587512969971,0.110937617719173,0.264815092086792,2017
149,150,Togo,Sub-Saharan Africa,3.49499988555908,0.305444717407227,0.431882530450821,0.247105568647385,0.38042613863945,0.0956650152802467,0.196896150708199,2017
150,151,Rwanda,Sub-Saharan Africa,3.47099995613098,0.368745893239975,0.945707023143768,0.326424807310104,0.581843852996826,0.455220013856888,0.252756029367447,2017
151,152,Syria,Middle East and Northern Africa,3.46199989318848,0.777153134346008,0.396102607250214,0.50053334236145,0.0815394446253777,0.151347130537033,0.493663728237152,2017
152,153,Tanzania,Sub-Saharan Africa,3.34899997711182,0.511135876178741,1.04198980331421,0.364509284496307,0.390017777681351,0.0660351067781448,0.354256361722946,2017
154,155,Central African Republic,Sub-Saharan Africa,2.69300007820129,0.0,0.0,0.0187726859003305,0.270842045545578,0.0565650761127472,0.280876487493515,2017
0,1,Finland,Western Europe,7.632,1.305,1.592,0.874,0.681,0.393,0.202,2018
1,2,Norway,Western Europe,7.594,1.456,1.582,0.861,0.686,0.34,0.286,2018
2,3,Denmark,Western Europe,7.555,1.351,1.59,0.868,0.683,0.408,0.284,2018
3,4,Iceland,Western Europe,7.495,1.343,1.644,0.914,0.677,0.138,0.353,2018
4,5,Switzerland,Western Europe,7.487,1.42,1.549,0.927,0.66,0.357,0.256,2018
6,7,Canada,North America,7.328,1.33,1.532,0.896,0.653,0.291,0.321,2018
7,8,New Zealand,Australia and New Zealand,7.324,1.268,1.601,0.876,0.669,0.389,0.365,2018
8,9,Sweden,Western Europe,7.314,1.355,1.501,0.913,0.659,0.383,0.285,2018
9,10,Australia,Australia and New Zealand,7.272,1.34,1.573,0.91,0.647,0.302,0.361,2018
10,11,United Kingdom,Western Europe,7.19,1.244,1.433,0.888,0.464,0.082,0.262,2018
11,12,Austria,Western Europe,7.139,1.341,1.504,0.891,0.617,0.224,0.242,2018
12,13,Costa Rica,Latin America and Caribbean,7.072,1.01,1.459,0.817,0.632,0.101,0.143,2018
13,14,Ireland,Western Europe,6.977,1.448,1.583,0.876,0.614,0.306,0.307,2018
14,15,Germany,Western Europe,6.965,1.34,1.474,0.861,0.586,0.28,0.273,2018
15,16,Belgium,Western Europe,6.927,1.324,1.483,0.894,0.583,0.24,0.188,2018
16,17,Luxembourg,Western Europe,6.91,1.576,1.52,0.896,0.632,0.321,0.196,2018
18,19,Israel,Middle East and Northern Africa,6.814,1.301,1.559,0.883,0.533,0.272,0.354,2018
20,21,Czech Republic,Central and Eastern Europe,6.711,1.233,1.489,0.854,0.543,0.034,0.064,2018
21,22,Malta,Western Europe,6.627,1.27,1.525,0.884,0.645,0.142,0.376,2018
22,23,France,Western Europe,6.489,1.293,1.466,0.908,0.52,0.176,0.098,2018
23,24,Mexico,Latin America and Caribbean,6.488,1.038,1.252,0.761,0.479,0.095,0.069,2018
24,25,Chile,Latin America and Caribbean,6.476,1.131,1.331,0.808,0.431,0.061,0.197,2018
26,27,Panama,Latin America and Caribbean,6.43,1.112,1.438,0.759,0.597,0.063,0.125,2018
27,28,Brazil,Latin America and Caribbean,6.419,0.986,1.474,0.675,0.493,0.088,0.11,2018
28,29,Argentina,Latin America and Caribbean,6.388,1.073,1.468,0.744,0.57,0.054,0.062,2018
29,30,Guatemala,Latin America and Caribbean,6.382,0.781,1.268,0.608,0.604,0.071,0.179,2018
30,31,Uruguay,Latin America and Caribbean,6.379,1.093,1.459,0.771,0.625,0.155,0.13,2018
31,32,Qatar,Middle East and Northern Africa,6.374,1.649,1.303,0.748,0.654,0.171,0.256,2018
33,34,Singapore,Southeastern Asia,6.343,1.529,1.451,1.008,0.631,0.457,0.261,2018
34,35,Malaysia,Southeastern Asia,6.322,1.161,1.258,0.669,0.356,0.059,0.311,2018
35,36,Spain,Western Europe,6.31,1.251,1.538,0.965,0.449,0.074,0.142,2018
36,37,Colombia,Latin America and Caribbean,6.26,0.96,1.439,0.635,0.531,0.039,0.099,2018
39,40,El Salvador,Latin America and Caribbean,6.167,0.806,1.231,0.639,0.461,0.082,0.065,2018
40,41,Nicaragua,Latin America and Caribbean,6.141,0.668,1.319,0.7,0.527,0.128,0.208,2018
41,42,Poland,Central and Eastern Europe,6.123,1.176,1.448,0.781,0.546,0.064,0.108,2018
42,43,Bahrain,Middle East and Northern Africa,6.105,1.338,1.366,0.698,0.594,0.123,0.243,2018
43,44,Uzbekistan,Central and Eastern Europe,6.096,0.719,1.584,0.605,0.724,0.259,0.328,2018
44,45,Kuwait,Middle East and Northern Africa,6.083,1.474,1.301,0.675,0.554,0.106,0.167,2018
45,46,Thailand,Southeastern Asia,6.072,1.016,1.417,0.707,0.637,0.029,0.364,2018
46,47,Italy,Western Europe,6.0,1.264,1.501,0.946,0.281,0.028,0.137,2018
47,48,Ecuador,Latin America and Caribbean,5.973,0.889,1.33,0.736,0.556,0.12,0.114,2018
50,51,Slovenia,Central and Eastern Europe,5.948,1.219,1.506,0.856,0.633,0.051,0.16,2018
51,52,Romania,Central and Eastern Europe,5.945,1.116,1.219,0.726,0.528,0.001,0.088,2018
52,53,Latvia,Central and Eastern Europe,5.933,1.148,1.454,0.671,0.363,0.066,0.092,2018
53,54,Japan,Eastern Asia,5.915,1.294,1.462,0.988,0.553,0.15,0.079,2018
54,55,Mauritius,Sub-Saharan Africa,5.891,1.09,1.387,0.684,0.584,0.05,0.245,2018
55,56,Jamaica,Latin America and Caribbean,5.89,0.819,1.493,0.693,0.575,0.031,0.096,2018
56,57,South Korea,Eastern Asia,5.875,1.266,1.204,0.955,0.244,0.051,0.175,2018
58,59,Russia,Central and Eastern Europe,5.81,1.151,1.479,0.599,0.399,0.025,0.065,2018
59,60,Kazakhstan,Central and Eastern Europe,5.79,1.143,1.516,0.631,0.454,0.121,0.148,2018
60,61,Cyprus,Western Europe,5.762,1.229,1.191,0.909,0.423,0.035,0.202,2018
61,62,Bolivia,Latin America and Caribbean,5.752,0.751,1.223,0.508,0.606,0.054,0.141,2018
62,63,Estonia,Central and Eastern Europe,5.739,1.2,1.532,0.737,0.553,0.174,0.086,2018
65,66,Kosovo,Central and Eastern Europe,5.662,0.855,1.23,0.578,0.448,0.023,0.274,2018
66,67,Moldova,Central and Eastern Europe,5.64,0.657,1.301,0.62,0.232,0.0,0.171,2018
67,68,Turkmenistan,Central and Eastern Europe,5.636,1.016,1.533,0.517,0.417,0.037,0.199,2018
68,69,Hungary,Central and Eastern Europe,5.62,1.171,1.401,0.732,0.259,0.022,0.061,2018
69,70,Libya,Middle East and Northern Africa,5.566,0.985,1.35,0.553,0.496,0.148,0.116,2018
71,72,Honduras,Latin America and Caribbean,5.504,0.62,1.205,0.622,0.459,0.074,0.197,2018
72,73,Belarus,Central and Eastern Europe,5.483,1.039,1.498,0.7,0.307,0.154,0.101,2018
73,74,Turkey,Middle East and Northern Africa,5.483,1.148,1.38,0.686,0.324,0.109,0.106,2018
74,75,Pakistan,Southern Asia,5.472,0.652,0.81,0.424,0.334,0.113,0.216,2018
75,76,Hong Kong,Eastern Asia,5.43,1.405,1.29,1.03,0.524,0.291,0.246,2018
76,77,Portugal,Western Europe,5.41,1.188,1.429,0.884,0.562,0.017,0.055,2018
79,80,Lebanon,Middle East and Northern Africa,5.358,0.965,1.179,0.785,0.503,0.136,0.214,2018
81,82,Croatia,Central and Eastern Europe,5.321,1.115,1.161,0.737,0.38,0.039,0.12,2018
82,83,Dominican Republic,Latin America and Caribbean,5.302,0.982,1.441,0.614,0.578,0.106,0.12,2018
84,85,Morocco,Middle East and Northern Africa,5.254,0.779,0.797,0.669,0.46,0.074,0.026,2018
86,87,Azerbaijan,Central and Eastern Europe,5.201,1.024,1.161,0.603,0.43,0.176,0.031,2018
87,88,Tajikistan,Central and Eastern Europe,5.199,0.474,1.166,0.598,0.292,0.034,0.187,2018
89,90,Jordan,Middle East and Northern Africa,5.161,0.822,1.265,0.645,0.468,0.134,0.13,2018
90,91,Nigeria,Sub-Saharan Africa,5.155,0.689,1.172,0.048,0.462,0.032,0.201,2018
93,94,Mongolia,Eastern Asia,5.125,0.914,1.517,0.575,0.395,0.032,0.253,2018
94,95,Vietnam,Southeastern Asia,5.103,0.715,1.365,0.702,0.618,0.079,0.177,2018
95,96,Indonesia,Southeastern Asia,5.093,0.899,1.215,0.522,0.538,0.018,0.484,2018
99,100,Bulgaria,Central and Eastern Europe,4.933,1.054,1.515,0.712,0.359,0.009,0.064,2018
100,101,Nepal,Southern Asia,4.88,0.425,1.228,0.539,0.526,0.078,0.302,2018
101,102,Venezuela,Latin America and Caribbean,4.806,0.996,1.469,0.657,0.133,0.052,0.056,2018
102,103,Gabon,Sub-Saharan Africa,4.758,1.036,1.164,0.404,0.356,0.052,0.032,2018
104,105,South Africa,Sub-Saharan Africa,4.724,0.94,1.41,0.33,0.516,0.056,0.103,2018
105,106,Iran,Middle East and Northern Africa,4.707,1.059,0.771,0.691,0.459,0.129,0.282,2018
106,107,Ivory Coast,Sub-Saharan Africa,4.671,0.541,0.872,0.08,0.467,0.103,0.146,2018
107,108,Ghana,Sub-Saharan Africa,4.657,0.592,0.896,0.337,0.499,0.029,0.212,2018
108,109,Senegal,Sub-Saharan Africa,4.631,0.429,1.117,0.433,0.406,0.082,0.138,2018
109,110,Laos,Southeastern Asia,4.623,0.72,1.034,0.441,0.626,0.174,0.23,2018
113,114,Congo (Brazzaville),Sub-Saharan Africa,4.559,0.682,0.811,0.343,0.514,0.077,0.091,2018
114,115,Bangladesh,Southern Asia,4.5,0.532,0.85,0.579,0.58,0.144,0.153,2018
116,117,Iraq,Middle East and Northern Africa,4.456,1.01,0.971,0.536,0.304,0.095,0.148,2018
117,118,Mali,Sub-Saharan Africa,4.447,0.37,1.233,0.152,0.367,0.056,0.139,2018
120,121,Burkina Faso,Sub-Saharan Africa,4.424,0.314,1.097,0.254,0.312,0.128,0.175,2018
122,123,Mozambique,Sub-Saharan Africa,4.417,0.198,0.902,0.173,0.531,0.158,0.206,2018
125,126,Mauritania,Sub-Saharan Africa,4.356,0.557,1.245,0.292,0.129,0.093,0.134,2018
126,127,Ethiopia,Sub-Saharan Africa,4.35,0.308,0.95,0.391,0.452,0.146,0.22,2018
128,129,Armenia,Central and Eastern Europe,4.321,0.816,0.99,0.666,0.26,0.028,0.077,2018
130,131,Chad,Sub-Saharan Africa,4.301,0.358,0.907,0.053,0.189,0.06,0.181,2018
133,134,Niger,Sub-Saharan Africa,4.166,0.131,0.867,0.221,0.39,0.099,0.175,2018
134,135,Uganda,Sub-Saharan Africa,4.161,0.322,1.09,0.237,0.45,0.061,0.259,2018
135,136,Benin,Sub-Saharan Africa,4.141,0.378,0.372,0.24,0.44,0.067,0.163,2018
136,137,Sudan,Sub-Saharan Africa,4.139,0.605,1.24,0.312,0.016,0.082,0.134,2018
137,138,Ukraine,Central and Eastern Europe,4.103,0.793,1.413,0.609,0.163,0.011,0.187,2018
138,139,Togo,Sub-Saharan Africa,3.999,0.259,0.474,0.253,0.434,0.101,0.158,2018
139,140,Guinea,Sub-Saharan Africa,3.964,0.344,0.792,0.211,0.394,0.094,0.185,2018
143,144,Zimbabwe,Sub-Saharan Africa,3.692,0.357,1.094,0.248,0.406,0.099,0.132,2018
144,145,Afghanistan,Southern Asia,3.632,0.332,0.537,0.255,0.085,0.036,0.191,2018
145,146,Botswana,Sub-Saharan Africa,3.59,1.017,1.174,0.417,0.557,0.092,0.042,2018
147,148,Haiti,Latin America and Caribbean,3.582,0.315,0.714,0.289,0.025,0.104,0.392,2018
148,149,Liberia,Sub-Saharan Africa,3.495,0.076,0.858,0.267,0.419,0.03,0.206,2018
149,150,Syria,Middle East and Northern Africa,3.462,0.689,0.382,0.539,0.088,0.144,0.376,2018
150,151,Rwanda,Sub-Saharan Africa,3.408,0.332,0.896,0.4,0.636,0.444,0.2,2018
151,152,Yemen,Middle East and Northern Africa,3.355,0.442,1.073,0.343,0.244,0.064,0.083,2018
152,153,Tanzania,Sub-Saharan Africa,3.303,0.455,0.991,0.381,0.481,0.097,0.27,2018
154,155,Central African Republic,Sub-Saharan Africa,3.083,0.024,0.0,0.01,0.305,0.038,0.218,2018
0,1,Finland,Western Europe,7.769,1.34,1.587,0.986,0.596,0.393,0.153,2019
1,2,Denmark,Western Europe,7.6,1.383,1.573,0.996,0.592,0.41,0.252,2019
2,3,Norway,Western Europe,7.554,1.488,1.582,1.028,0.603,0.341,0.271,2019
3,4,Iceland,Western Europe,7.494,1.38,1.624,1.026,0.591,0.118,0.354,2019
4,5,Netherlands,Western Europe,7.488,1.396,1.522,0.999,0.557,0.298,0.322,2019
6,7,Sweden,Western Europe,7.343,1.387,1.487,1.009,0.574,0.373,0.267,2019
7,8,New Zealand,Australia and New Zealand,7.307,1.303,1.557,1.026,0.585,0.38,0.33,2019
8,9,Canada,North America,7.278,1.365,1.505,1.039,0.584,0.308,0.285,2019
9,10,Austria,Western Europe,7.246,1.376,1.475,1.016,0.532,0.226,0.244,2019
10,11,Australia,Australia and New Zealand,7.228,1.372,1.548,1.036,0.557,0.29,0.332,2019
11,12,Costa Rica,Latin America and Caribbean,7.167,1.034,1.441,0.963,0.558,0.093,0.144,2019
12,13,Israel,Middle East and Northern Africa,7.139,1.276,1.455,1.029,0.371,0.082,0.261,2019
13,14,Luxembourg,Western Europe,7.09,1.609,1.479,1.012,0.526,0.316,0.194,2019
14,15,United Kingdom,Western Europe,7.054,1.333,1.538,0.996,0.45,0.278,0.348,2019
15,16,Ireland,Western Europe,7.021,1.499,1.553,0.999,0.516,0.31,0.298,2019
16,17,Germany,Western Europe,6.985,1.373,1.454,0.987,0.495,0.265,0.261,2019
18,19,United States,North America,6.892,1.433,1.457,0.874,0.454,0.128,0.28,2019
19,20,Czech Republic,Central and Eastern Europe,6.852,1.269,1.487,0.92,0.457,0.036,0.046,2019
20,21,United Arab Emirates,Middle East and Northern Africa,6.825,1.503,1.31,0.825,0.598,0.182,0.262,2019
21,22,Malta,Western Europe,6.726,1.3,1.52,0.999,0.564,0.151,0.375,2019
22,23,Mexico,Latin America and Caribbean,6.595,1.07,1.323,0.861,0.433,0.073,0.074,2019
23,24,France,Western Europe,6.592,1.324,1.472,1.045,0.436,0.183,0.111,2019
24,25,Taiwan,Eastern Asia,6.446,1.368,1.43,0.914,0.351,0.097,0.242,2019
26,27,Guatemala,Latin America and Caribbean,6.436,0.8,1.269,0.746,0.535,0.078,0.175,2019
27,28,Saudi Arabia,Middle East and Northern Africa,6.375,1.403,1.357,0.795,0.439,0.132,0.08,2019
28,29,Qatar,Middle East and Northern Africa,6.374,1.684,1.313,0.871,0.555,0.167,0.22,2019
29,30,Spain,Western Europe,6.354,1.286,1.484,1.062,0.362,0.079,0.153,2019
30,31,Panama,Latin America and Caribbean,6.321,1.149,1.442,0.91,0.516,0.054,0.109,2019
31,32,Brazil,Latin America and Caribbean,6.3,1.004,1.439,0.802,0.39,0.086,0.099,2019
33,34,Singapore,Southeastern Asia,6.262,1.572,1.463,1.141,0.556,0.453,0.271,2019
34,35,El Salvador,Latin America and Caribbean,6.253,0.794,1.242,0.789,0.43,0.074,0.093,2019
35,36,Italy,Western Europe,6.223,1.294,1.488,1.039,0.231,0.03,0.158,2019
36,37,Bahrain,Middle East and Northern Africa,6.199,1.362,1.368,0.871,0.536,0.11,0.255,2019
39,40,Poland,Central and Eastern Europe,6.182,1.206,1.438,0.884,0.483,0.05,0.117,2019
40,41,Uzbekistan,Central and Eastern Europe,6.174,0.745,1.529,0.756,0.631,0.24,0.322,2019
41,42,Lithuania,Central and Eastern Europe,6.149,1.238,1.515,0.818,0.291,0.042,0.043,2019
42,43,Colombia,Latin America and Caribbean,6.125,0.985,1.41,0.841,0.47,0.034,0.099,2019
43,44,Slovenia,Central and Eastern Europe,6.118,1.258,1.523,0.953,0.564,0.057,0.144,2019
44,45,Nicaragua,Latin America and Caribbean,6.105,0.694,1.325,0.835,0.435,0.127,0.2,2019
45,46,Kosovo,Central and Eastern Europe,6.1,0.882,1.232,0.758,0.489,0.006,0.262,2019
46,47,Argentina,Latin America and Caribbean,6.086,1.092,1.432,0.881,0.471,0.05,0.066,2019
47,48,Romania,Central and Eastern Europe,6.07,1.162,1.232,0.825,0.462,0.005,0.083,2019
50,51,Kuwait,Middle East and Northern Africa,6.021,1.5,1.319,0.808,0.493,0.097,0.142,2019
51,52,Thailand,Southeastern Asia,6.008,1.05,1.409,0.828,0.557,0.028,0.359,2019
52,53,Latvia,Central and Eastern Europe,5.94,1.187,1.465,0.812,0.264,0.064,0.075,2019
53,54,South Korea,Eastern Asia,5.895,1.301,1.219,1.036,0.159,0.056,0.175,2019
54,55,Estonia,Central and Eastern Europe,5.893,1.237,1.528,0.874,0.495,0.161,0.103,2019
55,56,Jamaica,Latin America and Caribbean,5.89,0.831,1.478,0.831,0.49,0.028,0.107,2019
56,57,Mauritius,Sub-Saharan Africa,5.888,1.12,1.402,0.798,0.498,0.06,0.215,2019
58,59,Honduras,Latin America and Caribbean,5.86,0.642,1.236,0.828,0.507,0.078,0.246,2019
59,60,Kazakhstan,Central and Eastern Europe,5.809,1.173,1.508,0.729,0.41,0.096,0.146,2019
60,61,Bolivia,Latin America and Caribbean,5.779,0.776,1.209,0.706,0.511,0.064,0.137,2019
61,62,Hungary,Central and Eastern Europe,5.758,1.201,1.41,0.828,0.199,0.02,0.081,2019
62,63,Paraguay,Latin America and Caribbean,5.743,0.855,1.475,0.777,0.514,0.08,0.184,2019
65,66,Portugal,Western Europe,5.693,1.221,1.431,0.999,0.508,0.025,0.047,2019
66,67,Pakistan,Southern Asia,5.653,0.677,0.886,0.535,0.313,0.098,0.22,2019
67,68,Russia,Central and Eastern Europe,5.648,1.183,1.452,0.726,0.334,0.031,0.082,2019
68,69,Philippines,Southeastern Asia,5.631,0.807,1.293,0.657,0.558,0.107,0.117,2019
69,70,Serbia,Central and Eastern Europe,5.603,1.004,1.383,0.854,0.282,0.039,0.137,2019
71,72,Libya,Middle East and Northern Africa,5.525,1.044,1.303,0.673,0.416,0.152,0.133,2019
72,73,Montenegro,Central and Eastern Europe,5.523,1.051,1.361,0.871,0.197,0.08,0.142,2019
73,74,Tajikistan,Central and Eastern Europe,5.467,0.493,1.098,0.718,0.389,0.144,0.23,2019
74,75,Croatia,Central and Eastern Europe,5.432,1.155,1.266,0.914,0.296,0.022,0.119,2019
75,76,Hong Kong,Eastern Asia,5.43,1.438,1.277,1.122,0.44,0.287,0.258,2019
76,77,Dominican Republic,Latin America and Caribbean,5.425,1.015,1.401,0.779,0.497,0.101,0.113,2019
79,80,Malaysia,Southeastern Asia,5.339,1.221,1.171,0.828,0.508,0.024,0.26,2019
81,82,Greece,Western Europe,5.287,1.181,1.156,0.999,0.067,0.034,0.0,2019
82,83,Mongolia,Eastern Asia,5.285,0.948,1.531,0.667,0.317,0.038,0.235,2019
84,85,Nigeria,Sub-Saharan Africa,5.265,0.696,1.111,0.245,0.426,0.041,0.215,2019
86,87,Turkmenistan,Central and Eastern Europe,5.247,1.052,1.538,0.657,0.394,0.028,0.244,2019
87,88,Algeria,Middle East and Northern Africa,5.211,1.002,1.16,0.785,0.086,0.114,0.073,2019
89,90,Azerbaijan,Central and Eastern Europe,5.208,1.043,1.147,0.769,0.351,0.182,0.035,2019
90,91,Lebanon,Middle East and Northern Africa,5.197,0.987,1.224,0.815,0.216,0.027,0.166,2019
93,94,Vietnam,Southeastern Asia,5.175,0.741,1.346,0.851,0.543,0.073,0.147,2019
94,95,Bhutan,Southern Asia,5.082,0.813,1.321,0.604,0.457,0.167,0.37,2019
95,96,Cameroon,Sub-Saharan Africa,5.044,0.549,0.91,0.331,0.381,0.037,0.187,2019
99,100,Nepal,Southern Asia,4.913,0.446,1.226,0.677,0.439,0.089,0.285,2019
100,101,Jordan,Middle East and Northern Africa,4.906,0.837,1.225,0.815,0.383,0.13,0.11,2019
101,102,Benin,Sub-Saharan Africa,4.883,0.393,0.437,0.397,0.349,0.082,0.175,2019
102,103,Congo (Brazzaville),Sub-Saharan Africa,4.812,0.673,0.799,0.508,0.372,0.093,0.105,2019
104,105,Laos,Southeastern Asia,4.796,0.764,1.03,0.551,0.547,0.164,0.266,2019
105,106,South Africa,Sub-Saharan Africa,4.722,0.96,1.351,0.469,0.389,0.055,0.13,2019
106,107,Albania,Central and Eastern Europe,4.719,0.947,0.848,0.874,0.383,0.027,0.178,2019
107,108,Venezuela,Latin America and Caribbean,4.707,0.96,1.427,0.805,0.154,0.047,0.064,2019
108,109,Cambodia,Southeastern Asia,4.7,0.574,1.122,0.637,0.609,0.062,0.232,2019
109,110,Palestinian Territories,Middle East and Northern Africa,4.696,0.657,1.247,0.672,0.225,0.066,0.103,2019
113,114,Niger,Sub-Saharan Africa,4.628,0.138,0.774,0.366,0.318,0.102,0.188,2019
114,115,Burkina Faso,Sub-Saharan Africa,4.587,0.331,1.056,0.38,0.255,0.113,0.177,2019
116,117,Iran,Middle East and Northern Africa,4.548,1.1,0.842,0.785,0.305,0.125,0.27,2019
117,118,Guinea,Sub-Saharan Africa,4.534,0.38,0.829,0.375,0.332,0.086,0.207,2019
120,121,Kenya,Sub-Saharan Africa,4.509,0.512,0.983,0.581,0.431,0.053,0.372,2019
122,123,Mozambique,Sub-Saharan Africa,4.466,0.204,0.986,0.39,0.494,0.138,0.197,2019
125,126,Iraq,Middle East and Northern Africa,4.437,1.043,0.98,0.574,0.241,0.089,0.148,2019
126,127,Congo (Kinshasa),Sub-Saharan Africa,4.418,0.094,1.125,0.357,0.269,0.053,0.212,2019
128,129,Sierra Leone,Sub-Saharan Africa,4.374,0.268,0.841,0.242,0.309,0.045,0.252,2019
130,131,Myanmar,Southeastern Asia,4.36,0.71,1.181,0.555,0.525,0.172,0.566,2019
133,134,Ethiopia,Sub-Saharan Africa,4.286,0.336,1.033,0.532,0.344,0.1,0.209,2019
134,135,Swaziland,Sub-Saharan Africa,4.212,0.811,1.149,0.0,0.313,0.135,0.074,2019
135,136,Uganda,Sub-Saharan Africa,4.189,0.332,1.069,0.443,0.356,0.06,0.252,2019
136,137,Egypt,Middle East and Northern Africa,4.166,0.913,1.039,0.644,0.241,0.067,0.076,2019
137,138,Zambia,Sub-Saharan Africa,4.107,0.578,1.058,0.426,0.431,0.087,0.247,2019
138,139,Togo,Sub-Saharan Africa,4.085,0.275,0.572,0.41,0.293,0.085,0.177,2019
139,140,India,Southern Asia,4.015,0.755,0.765,0.588,0.498,0.085,0.2,2019
143,144,Lesotho,Sub-Saharan Africa,3.802,0.489,1.169,0.168,0.359,0.093,0.107,2019
144,145,Burundi,Sub-Saharan Africa,3.775,0.046,0.447,0.38,0.22,0.18,0.176,2019
145,146,Zimbabwe,Sub-Saharan Africa,3.663,0.366,1.114,0.433,0.361,0.089,0.151,2019
147,148,Botswana,Sub-Saharan Africa,3.488,1.041,1.145,0.538,0.455,0.1,0.025,2019
148,149,Syria,Middle East and Northern Africa,3.462,0.619,0.378,0.44,0.013,0.141,0.331,2019
149,150,Malawi,Sub-Saharan Africa,3.41,0.191,0.56,0.495,0.443,0.089,0.218,2019
150,151,Yemen,Middle East and Northern Africa,3.38,0.287,1.163,0.463,0.143,0.077,0.108,2019
151,152,Rwanda,Sub-Saharan Africa,3.334,0.359,0.711,0.614,0.555,0.411,0.217,2019
152,153,Tanzania,Sub-Saharan Africa,3.231,0.476,0.885,0.499,0.417,0.147,0.276,2019
154,155,Central African Republic,Sub-Saharan Africa,3.083,0.026,0.0,0.105,0.225,0.035,0.235,2019
0,1,Finland,Western Europe,7.808700085,1.285189509,1.499525905,0.961271405,0.66231674,0.477857262,0.159670442,2020
1,2,Denmark,Western Europe,7.645599842,1.326948524,1.503449202,0.979332566,0.665039897,0.495260328,0.242793396,2020
2,3,Switzerland,Western Europe,7.559899807,1.39077425,1.472403407,1.040533185,0.62895447,0.407945901,0.269055754,2020
3,4,Iceland,Western Europe,7.504499912,1.326501608,1.547567487,1.000843406,0.661980748,0.144540772,0.362330228,2020
4,5,Norway,Western Europe,7.487999916,1.42420733,1.495172501,1.008071899,0.670200884,0.434100568,0.287985086,2020
6,7,Sweden,Western Europe,7.353499889,1.322235227,1.433347702,0.986470461,0.650297701,0.442066371,0.272827893,2020
7,8,New Zealand,North America and ANZ,7.299600124,1.242317915,1.48721838,1.008138299,0.646789908,0.461268276,0.325726211,2020
8,9,Austria,Western Europe,7.294199944,1.317285538,1.437444925,1.000933528,0.603368878,0.281256139,0.255509764,2020
9,10,Luxembourg,Western Europe,7.237500191,1.536676049,1.387528419,0.986442685,0.610137045,0.367041469,0.19595392,2020
10,11,Canada,North America and ANZ,7.23210001,1.301647663,1.435391903,1.022501945,0.644028127,0.351701856,0.28152892,2020
11,12,Australia,North America and ANZ,7.222799778,1.310396433,1.477146268,1.022607684,0.621877193,0.335996419,0.324973613,2020
12,13,United Kingdom,Western Europe,7.164500237,1.273061037,1.457844973,0.97570008,0.525168657,0.322601646,0.373433441,2020
13,14,Israel,Middle East and North Africa,7.128600121,1.216463685,1.403256774,1.008052945,0.420699477,0.09989845,0.266861796,2020
14,15,Costa Rica,Latin America and Caribbean,7.121399879,0.981107712,1.374853611,0.939635336,0.645017743,0.096362092,0.131266311,2020
15,16,Ireland,Western Europe,7.093699932,1.446886778,1.470596433,0.975670695,0.587779939,0.373433262,0.295426995,2020
16,17,Germany,Western Europe,7.075799942,1.314184546,1.368543744,0.972114801,0.564274132,0.309362292,0.252037704,2020
18,19,Czech Republic,Central and Eastern Europe,6.910900116,1.212322354,1.40528667,0.89456445,0.505744576,0.049803223,0.046325929,2020
19,20,Belgium,Western Europe,6.863500118,1.295842767,1.398677588,0.964901149,0.499805421,0.208724052,0.146966159,2020
20,21,United Arab Emirates,Middle East and North Africa,6.790800095,1.431086421,1.251170993,0.787814438,0.652936101,0.220213518,0.28065598,2020
21,22,Malta,Western Europe,6.772799969,1.252513289,1.442956924,0.972042024,0.633239031,0.178864077,0.341180831,2020
22,23,France,Western Europe,6.663799763,1.268129349,1.458839178,1.029714227,0.514050901,0.227303237,0.112607703,2020
23,24,Mexico,Latin America and Caribbean,6.465000153,1.024387479,1.226333499,0.831601024,0.553892553,0.083133668,0.083094485,2020
24,25,Taiwan Province of China,East Asia,6.45539999,1.327470541,1.357760668,0.878437996,0.449404389,0.131516352,0.150598705,2020
26,27,Saudi Arabia,Middle East and North Africa,6.406499863,1.334328532,1.309950113,0.759818137,0.548477471,0.163322315,0.087440684,2020
27,28,Spain,Western Europe,6.400899887,1.230535269,1.421099186,1.051343083,0.425983816,0.109579779,0.16530548,2020
28,29,Guatemala,Latin America and Caribbean,6.398900032,0.753815711,1.174267054,0.705952585,0.613146722,0.0983603,0.170611665,2020
29,30,Italy,Western Europe,6.38740015,1.236396074,1.347296,1.022504926,0.321305573,0.040145598,0.170266211,2020
30,31,Singapore,Southeast Asia,6.377099991,1.519580126,1.39545691,1.137814283,0.635317206,0.533162236,0.218770906,2020
31,32,Brazil,Latin America and Caribbean,6.375599861,0.952679873,1.363464117,0.766119063,0.483292729,0.106518604,0.131674588,2020
33,34,El Salvador,Latin America and Caribbean,6.34829998,0.748940408,1.149397612,0.752730012,0.524043918,0.117030352,0.1189363,2020
34,35,Kosovo,Central and Eastern Europe,6.325200081,0.840481341,1.183962822,0.672709167,0.557280421,0.008559024,0.325286865,2020
35,36,Panama,Latin America and Caribbean,6.304800034,1.097667813,1.376149297,0.878546536,0.57984978,0.054230526,0.097207308,2020
36,37,Slovakia,Central and Eastern Europe,6.280600071,1.194837689,1.424331188,0.853465259,0.423542529,0.011291441,0.116729774,2020
39,40,Bahrain,Middle East and North Africa,6.227300167,1.296692252,1.31532371,0.838836372,0.610399902,0.126697257,0.287453711,2020
40,41,Lithuania,Central and Eastern Europe,6.215499878,1.193559647,1.432865739,0.795421183,0.42046079,0.081350274,0.053691041,2020
41,42,Trinidad and Tobago,Latin America and Caribbean,6.191899776,1.167641521,1.407326221,0.658828557,0.55293113,0.015078396,0.199358255,2020
42,43,Poland,Central and Eastern Europe,6.186299801,1.16922915,1.310399771,0.868038476,0.557903528,0.160541251,0.063374244,2020
43,44,Colombia,Latin America and Caribbean,6.163400173,0.93220371,1.33445096,0.810020149,0.526890039,0.04584837,0.092374094,2020
44,45,Cyprus,Western Europe,6.15899992,1.21279943,1.149170756,1.026124597,0.459385872,0.051207144,0.227932334,2020
45,46,Nicaragua,Latin America and Caribbean,6.13710022,0.620033145,1.27081275,0.803093255,0.560117304,0.174084574,0.212871477,2020
46,47,Romania,Central and Eastern Europe,6.123700142,1.120401621,1.1944381,0.79229486,0.534852326,0.000829569,0.068181619,2020
47,48,Kuwait,Middle East and North Africa,6.102099895,1.424833655,1.244779825,0.776468933,0.570261419,0.112814933,0.132751092,2020
50,51,Estonia,Central and Eastern Europe,6.021800041,1.192441225,1.453232527,0.842615008,0.576664805,0.201766819,0.125136748,2020
51,52,Philippines,Southeast Asia,6.006000042,0.775120676,1.245381713,0.602189481,0.621915162,0.130385727,0.129260212,2020
52,53,Hungary,Central and Eastern Europe,6.000400066,1.164307117,1.423009396,0.806793869,0.386401802,0.027548173,0.070491239,2020
53,54,Thailand,Southeast Asia,5.998799801,1.007029295,1.347519517,0.793855846,0.609449804,0.031837862,0.376709014,2020
54,55,Argentina,Latin America and Caribbean,5.974699974,1.028465629,1.372543693,0.849773705,0.520840347,0.060415059,0.070100471,2020
55,56,Honduras,Latin America and Caribbean,5.953199863,0.598763585,1.186664104,0.791989982,0.568148077,0.086807102,0.256528199,2020
56,57,Latvia,Central and Eastern Europe,5.949999809,1.14139545,1.414398789,0.777902424,0.329198807,0.090391524,0.075407945,2020
58,59,Portugal,Western Europe,5.910900116,1.168800831,1.339530349,0.979315281,0.589895189,0.027733466,0.053036947,2020
59,60,Jamaica,Latin America and Caribbean,5.889800072,0.779058397,1.408289194,0.788434088,0.553124607,0.030147785,0.116268493,2020
60,61,South Korea,East Asia,5.872399807,1.245300651,1.133560538,1.022542596,0.25935635,0.094596282,0.170303866,2020
61,62,Japan,East Asia,5.870800018,1.26672411,1.332338691,1.072881341,0.495465875,0.181439638,0.03571178,2020
62,63,Peru,Latin America and Caribbean,5.796800137,0.91854918,1.208405972,0.824444175,0.513210058,0.02703266,0.091611817,2020
65,66,Pakistan,South Asia,5.69329977,0.616799474,0.872979581,0.469933242,0.405421734,0.122592121,0.228705063,2020
66,67,Paraguay,Latin America and Caribbean,5.692100048,0.897990823,1.36819756,0.735869646,0.586510062,0.065077379,0.204299241,2020
67,68,Dominican Republic,Latin America and Caribbean,5.689199924,0.983191848,1.328888893,0.741901696,0.5628739,0.115945682,0.112196781,2020
68,69,Bosnia and Herzegovina,Central and Eastern Europe,5.674099922,0.91839546,1.203986526,0.813928187,0.305365741,0.001172487,0.264005244,2020
69,70,Moldova,Commonwealth of Independent States,5.607500076,0.707916796,1.237312198,0.713299453,0.389571488,0.014378744,0.174049184,2020
71,72,Montenegro,Central and Eastern Europe,5.54610014,1.010150075,1.265657902,0.839028895,0.303223848,0.098435111,0.14901033,2020
72,73,Russia,Commonwealth of Independent States,5.546000004,1.126999617,1.378644109,0.68044591,0.399499595,0.045699362,0.099041916,2020
73,74,Kyrgyzstan,Commonwealth of Independent States,5.541500092,0.513180971,1.341036677,0.680645883,0.614617765,0.030466691,0.30137074,2020
74,75,Belarus,Commonwealth of Independent States,5.539899826,1.018854499,1.38713932,0.75258857,0.290755868,0.193607435,0.08993306,2020
75,76,North Cyprus,Western Europe,5.53550005,1.21279943,1.183089137,1.026124597,0.477885723,0.199802905,0.199160054,2020
76,77,Greece,Western Europe,5.514999866,1.128070116,1.168973565,0.979431748,0.173516348,0.048844352,0.0,2020
79,80,Libya,Middle East and North Africa,5.488800049,1.021913767,1.196283698,0.615626633,0.451354057,0.172258079,0.142757699,2020
81,82,Malaysia,Southeast Asia,5.384300232,1.168421626,1.17400229,0.788511872,0.596941531,0.062163133,0.274886161,2020
82,83,Vietnam,Southeast Asia,5.353499889,0.718092382,1.253074765,0.819133997,0.650835574,0.089848459,0.136488721,2020
84,85,Ivory Coast,Sub-Saharan Africa,5.233300209,0.537094414,0.799727261,0.154942513,0.397122532,0.093495794,0.169915587,2020
86,87,Maldives,South Asia,5.197599888,0.937864304,1.402287602,0.914439559,0.548203647,0.071906492,0.224198252,2020
87,88,Congo (Brazzaville),Sub-Saharan Africa,5.194399834,0.633616745,0.757636011,0.458101124,0.386514395,0.118670784,0.117216013,2020
89,90,Macedonia,Central and Eastern Europe,5.159800053,0.935371995,1.183173537,0.802994132,0.410224587,0.024595059,0.18586354,2020
90,91,Ghana,Sub-Saharan Africa,5.147999763,0.575862467,0.96636796,0.432162255,0.477290064,0.056570381,0.261291206,2020
93,94,China,East Asia,5.123899937,0.990533412,1.132080674,0.867248535,0.601605117,0.117255554,0.079021044,2020
94,95,Turkmenistan,Commonwealth of Independent States,5.119100094,1.008963585,1.510476947,0.612448037,0.515236676,0.03350389,0.323129326,2020
95,96,Bulgaria,Central and Eastern Europe,5.101500034,1.046554685,1.460578918,0.777776897,0.417820066,0.0,0.103833713,2020
99,100,Algeria,Middle East and North Africa,5.005099773,0.943856001,1.143003583,0.745418549,0.083943799,0.129190654,0.118915014,2020
100,101,Senegal,Sub-Saharan Africa,4.980800152,0.504061818,0.95459342,0.518391907,0.352400899,0.081865937,0.164397135,2020
101,102,Guinea,Sub-Saharan Africa,4.949299812,0.390007734,0.75136596,0.333655238,0.371878058,0.112204559,0.249490842,2020
102,103,Niger,Sub-Saharan Africa,4.909599781,0.108330332,0.703800142,0.298816353,0.435311615,0.137554765,0.208176896,2020
104,105,Albania,Central and Eastern Europe,4.882699966,0.906653047,0.830483913,0.846329629,0.461945891,0.025361285,0.171027765,2020
105,106,Cambodia,Southeast Asia,4.848400116,0.544634938,1.071426034,0.587904334,0.674940348,0.072837502,0.233342081,2020
106,107,Bangladesh,South Asia,4.832799911,0.556156278,0.868800581,0.694940507,0.604130566,0.176735908,0.176745117,2020
107,108,Gabon,Sub-Saharan Africa,4.829299927,0.988044381,1.10639751,0.522574842,0.369459897,0.055804539,0.052013602,2020
108,109,South Africa,Sub-Saharan Africa,4.814099789,0.902140439,1.259086251,0.407034069,0.43478182,0.05950214,0.126406848,2020
109,110,Iraq,Middle East and North Africa,4.784800053,0.982018709,1.011466622,0.529350698,0.283588052,0.073164992,0.153002068,2020
113,114,Mali,Sub-Saharan Africa,4.729300022,0.352462649,0.97314173,0.234981522,0.377534449,0.062146276,0.16966705,2020
114,115,Nigeria,Sub-Saharan Africa,4.724100113,0.645901859,0.986717939,0.167835936,0.435079455,0.047589935,0.221328124,2020
116,117,Georgia,Commonwealth of Independent States,4.672599792,0.847198069,0.7311939,0.694657624,0.485494107,0.174088076,0.047609735,2020
117,118,Iran,Middle East and North Africa,4.672399998,1.029322505,0.886271179,0.749053836,0.301195472,0.142651513,0.27697894,2020
120,121,Kenya,Sub-Saharan Africa,4.583000183,0.476413399,0.905077755,0.536312759,0.519180536,0.067201078,0.393902093,2020
122,123,Ukraine,Commonwealth of Independent States,4.56069994,0.780434608,1.321316481,0.698674381,0.319423705,0.00965116,0.178551316,2020
125,126,Uganda,Sub-Saharan Africa,4.43200016,0.312337428,1.052327394,0.378311664,0.401682556,0.063818842,0.264807373,2020
126,127,Chad,Sub-Saharan Africa,4.422699928,0.302287489,0.739118278,0.1087441,0.228601769,0.085755408,0.210805088,2020
128,129,Mauritania,Sub-Saharan Africa,4.374599934,0.539684892,1.113323569,0.425184816,0.185714483,0.122257635,0.128899664,2020
130,131,Congo (Kinshasa),Sub-Saharan Africa,4.31099987,0.062487468,0.833055019,0.277212054,0.36462298,0.081466645,0.254324883,2020
133,134,Comoros,Sub-Saharan Africa,4.288599968,0.415620774,0.723232806,0.437383324,0.181028232,0.100048535,0.258538276,2020
134,135,Togo,Sub-Saharan Africa,4.187200069,0.268116266,0.547622859,0.342731178,0.303539038,0.114826456,0.200774252,2020
135,136,Ethiopia,Sub-Saharan Africa,4.186200142,0.315125644,1.001103282,0.483846247,0.41256687,0.117437035,0.227698103,2020
136,137,Madagascar,Sub-Saharan Africa,4.165599823,0.244553208,0.823694348,0.500617027,0.192967549,0.076248638,0.191190064,2020
137,138,Egypt,Middle East and North Africa,4.151400089,0.875228941,0.982539535,0.596911311,0.373684734,0.095461793,0.068801254,2020
138,139,Sierra Leone,Sub-Saharan Africa,3.926399946,0.240560383,0.747984946,0.203953966,0.382027686,0.047940936,0.257647008,2020
139,140,Burundi,Sub-Saharan Africa,3.775300026,0.0,0.403575271,0.295212835,0.275399059,0.212186828,0.187401786,2020
143,144,India,South Asia,3.573299885,0.730576158,0.644198656,0.54057014,0.581142247,0.105587982,0.237072483,2020
144,145,Malawi,Sub-Saharan Africa,3.538000107,0.176534727,0.53036809,0.446163297,0.487389833,0.131633952,0.213185057,2020
145,146,Yemen,Middle East and North Africa,3.527400017,0.392701775,1.177477121,0.41500017,0.243721485,0.087352127,0.094689012,2020
147,148,Tanzania,Sub-Saharan Africa,3.476200104,0.457163125,0.872674644,0.442677855,0.509343088,0.203880861,0.27154091,2020
148,149,Central African Republic,Sub-Saharan Africa,3.475899935,0.041072082,0.0,0.0,0.292814463,0.028264718,0.253513217,2020
149,150,Rwanda,Sub-Saharan Africa,3.312299967,0.343242675,0.522876322,0.572383285,0.604087889,0.485542476,0.235704988,2020
150,151,Zimbabwe,Sub-Saharan Africa,3.299200058,0.425564021,1.047835231,0.375037611,0.37740472,0.080928579,0.151349187,2020
151,152,South Sudan,Sub-Saharan Africa,2.816600084,0.289082974,0.553278506,0.208809033,0.065609254,0.111156799,0.209934607,2020
152,153,Afghanistan,South Asia,2.566900015,0.30070585,0.356433839,0.266051531,0.0,0.001225785,0.135234714,2020
0,1,Finland,Western Europe,7.842,1.446,1.106,0.741,0.691,0.481,0.124,2021
1,2,Denmark,Western Europe,7.62,1.502,1.108,0.763,0.686,0.485,0.208,2021
2,3,Switzerland,Western Europe,7.571,1.566,1.079,0.816,0.653,0.413,0.204,2021
3,4,Iceland,Western Europe,7.554,1.482,1.172,0.772,0.698,0.17,0.293,2021
4,5,Netherlands,Western Europe,7.464,1.501,1.079,0.753,0.647,0.384,0.302,2021
6,7,Sweden,Western Europe,7.363,1.478,1.062,0.763,0.685,0.448,0.244,2021
7,8,Luxembourg,Western Europe,7.324,1.751,1.003,0.76,0.639,0.353,0.166,2021
8,9,New Zealand,North America and ANZ,7.277,1.4,1.094,0.785,0.665,0.445,0.276,2021
9,10,Austria,Western Europe,7.268,1.492,1.062,0.782,0.64,0.292,0.215,2021
10,11,Australia,North America and ANZ,7.183,1.453,1.076,0.801,0.647,0.317,0.291,2021
11,12,Israel,Middle East and North Africa,7.157,1.376,1.074,0.788,0.509,0.119,0.208,2021
12,13,Germany,Western Europe,7.155,1.48,0.993,0.757,0.6,0.306,0.195,2021
13,14,Canada,North America and ANZ,7.103,1.447,1.044,0.798,0.648,0.335,0.246,2021
14,15,Ireland,Western Europe,7.085,1.644,1.092,0.753,0.606,0.367,0.238,2021
15,16,Costa Rica,Latin America and Caribbean,7.069,1.134,0.966,0.722,0.673,0.083,0.105,2021
16,17,United Kingdom,Western Europe,7.064,1.423,1.062,0.757,0.58,0.306,0.34,2021
18,19,United States,North America and ANZ,6.951,1.533,1.03,0.621,0.554,0.154,0.252,2021
19,20,Belgium,Western Europe,6.834,1.463,0.998,0.747,0.489,0.187,0.088,2021
20,21,France,Western Europe,6.69,1.421,1.081,0.804,0.536,0.235,0.092,2021
21,22,Bahrain,Middle East and North Africa,6.647,1.409,0.899,0.662,0.661,0.139,0.246,2021
22,23,Malta,Western Europe,6.602,1.411,1.055,0.747,0.664,0.183,0.275,2021
23,24,Taiwan Province of China,East Asia,6.584,1.48,0.982,0.665,0.49,0.139,0.142,2021
24,25,United Arab Emirates,Middle East and North Africa,6.561,1.555,0.86,0.594,0.67,0.223,0.236,2021
26,27,Spain,Western Europe,6.491,1.375,1.057,0.826,0.462,0.124,0.135,2021
27,28,Italy,Western Europe,6.483,1.393,0.94,0.798,0.379,0.047,0.133,2021
28,29,Slovenia,Central and Eastern Europe,6.461,1.36,1.093,0.722,0.69,0.085,0.122,2021
29,30,Guatemala,Latin America and Caribbean,6.435,0.845,0.79,0.519,0.638,0.105,0.163,2021
30,31,Uruguay,Latin America and Caribbean,6.431,1.164,1.042,0.649,0.625,0.223,0.128,2021
31,32,Singapore,Southeast Asia,6.377,1.695,1.019,0.897,0.664,0.547,0.176,2021
33,34,Slovakia,Central and Eastern Europe,6.331,1.304,1.066,0.653,0.468,0.018,0.107,2021
34,35,Brazil,Latin America and Caribbean,6.33,1.028,0.944,0.571,0.514,0.117,0.142,2021
35,36,Mexico,Latin America and Caribbean,6.317,1.126,0.83,0.634,0.585,0.089,0.092,2021
36,37,Jamaica,Latin America and Caribbean,6.309,0.891,0.932,0.599,0.618,0.035,0.099,2021
39,40,Estonia,Central and Eastern Europe,6.189,1.344,1.079,0.64,0.641,0.263,0.119,2021
40,41,Panama,Latin America and Caribbean,6.18,1.298,0.976,0.667,0.596,0.053,0.079,2021
41,42,Uzbekistan,Commonwealth of Independent States,6.179,0.769,1.027,0.528,0.716,0.271,0.391,2021
42,43,Chile,Latin America and Caribbean,6.172,1.2,0.946,0.678,0.438,0.07,0.159,2021
43,44,Poland,Central and Eastern Europe,6.166,1.309,0.982,0.668,0.558,0.13,0.08,2021
44,45,Kazakhstan,Commonwealth of Independent States,6.152,1.23,1.103,0.527,0.573,0.132,0.143,2021
45,46,Romania,Central and Eastern Europe,6.14,1.275,0.832,0.595,0.564,0.001,0.045,2021
46,47,Kuwait,Middle East and North Africa,6.106,1.461,0.857,0.58,0.591,0.13,0.12,2021
47,48,Serbia,Central and Eastern Europe,6.078,1.101,0.924,0.634,0.482,0.066,0.189,2021
50,51,Latvia,Central and Eastern Europe,6.032,1.285,1.047,0.587,0.405,0.089,0.082,2021
51,52,Colombia,Latin America and Caribbean,6.012,1.021,0.866,0.615,0.554,0.063,0.1,2021
52,53,Hungary,Central and Eastern Europe,5.992,1.301,1.083,0.615,0.454,0.04,0.067,2021
53,54,Thailand,Southeast Asia,5.985,1.107,0.957,0.596,0.611,0.028,0.375,2021
54,55,Nicaragua,Latin America and Caribbean,5.972,0.693,0.904,0.604,0.553,0.176,0.201,2021
55,56,Japan,East Asia,5.94,1.389,0.949,0.838,0.504,0.192,0.02,2021
56,57,Argentina,Latin America and Caribbean,5.929,1.162,0.98,0.646,0.544,0.067,0.069,2021
58,59,Honduras,Latin America and Caribbean,5.919,0.703,0.787,0.593,0.578,0.083,0.241,2021
59,60,Croatia,Central and Eastern Europe,5.882,1.251,1.039,0.703,0.453,0.0,0.111,2021
60,61,Philippines,Southeast Asia,5.88,0.853,0.828,0.426,0.651,0.126,0.125,2021
61,62,South Korea,East Asia,5.845,1.403,0.758,0.801,0.353,0.135,0.134,2021
62,63,Peru,Latin America and Caribbean,5.84,0.986,0.833,0.623,0.536,0.031,0.087,2021
65,66,Ecuador,Latin America and Caribbean,5.764,0.935,0.806,0.64,0.56,0.062,0.107,2021
66,67,Kyrgyzstan,Commonwealth of Independent States,5.744,0.665,0.971,0.501,0.673,0.02,0.266,2021
67,68,Greece,Western Europe,5.723,1.273,0.811,0.76,0.243,0.074,0.0,2021
68,69,Bolivia,Latin America and Caribbean,5.716,0.842,0.782,0.486,0.6,0.064,0.138,2021
69,70,Mongolia,East Asia,5.677,0.966,1.065,0.442,0.397,0.053,0.263,2021
71,72,Montenegro,Central and Eastern Europe,5.581,1.155,0.891,0.637,0.397,0.081,0.166,2021
72,73,Dominican Republic,Latin America and Caribbean,5.545,1.106,0.879,0.555,0.581,0.144,0.101,2021
73,74,North Cyprus,Western Europe,5.536,1.377,0.806,0.801,0.503,0.2,0.196,2021
74,75,Belarus,Commonwealth of Independent States,5.534,1.124,1.007,0.56,0.326,0.199,0.07,2021
75,76,Russia,Commonwealth of Independent States,5.477,1.241,0.992,0.511,0.409,0.06,0.115,2021
76,77,Hong Kong S.A.R. of China,East Asia,5.477,1.525,0.841,0.893,0.408,0.342,0.232,2021
79,80,Libya,Middle East and North Africa,5.41,1.044,0.821,0.435,0.474,0.174,0.131,2021
81,82,Indonesia,Southeast Asia,5.345,0.954,0.786,0.433,0.598,0.046,0.541,2021
82,83,Congo (Brazzaville),Sub-Saharan Africa,5.342,0.518,0.392,0.307,0.381,0.124,0.144,2021
84,85,Ivory Coast,Sub-Saharan Africa,5.306,0.669,0.409,0.052,0.438,0.092,0.177,2021
86,87,Nepal,South Asia,5.269,0.519,0.702,0.496,0.488,0.135,0.287,2021
87,88,Bulgaria,Central and Eastern Europe,5.266,1.181,1.055,0.583,0.494,0.005,0.125,2021
89,90,Azerbaijan,Commonwealth of Independent States,5.171,1.025,0.841,0.541,0.526,0.276,0.043,2021
90,91,Cameroon,Sub-Saharan Africa,5.142,0.543,0.556,0.159,0.425,0.058,0.205,2021
93,94,North Macedonia,Central and Eastern Europe,5.101,1.068,0.772,0.535,0.45,0.022,0.212,2021
94,95,Ghana,Sub-Saharan Africa,5.088,0.68,0.595,0.287,0.517,0.058,0.268,2021
95,96,Niger,Sub-Saharan Africa,5.074,0.162,0.402,0.167,0.516,0.157,0.2,2021
99,100,Laos,Southeast Asia,5.03,0.808,0.598,0.33,0.643,0.179,0.268,2021
100,101,Bangladesh,South Asia,5.025,0.635,0.52,0.514,0.603,0.164,0.161,2021
101,102,Guinea,Sub-Saharan Africa,4.984,0.42,0.399,0.206,0.384,0.111,0.25,2021
102,103,South Africa,Sub-Saharan Africa,4.956,0.967,0.895,0.265,0.447,0.051,0.144,2021
104,105,Pakistan,South Asia,4.934,0.637,0.423,0.322,0.418,0.097,0.252,2021
105,106,Morocco,Middle East and North Africa,4.918,0.792,0.219,0.558,0.477,0.088,0.034,2021
106,107,Venezuela,Latin America and Caribbean,4.892,0.852,0.897,0.574,0.284,0.072,0.078,2021
107,108,Georgia,Commonwealth of Independent States,4.891,1.03,0.47,0.498,0.488,0.181,0.032,2021
108,109,Algeria,Middle East and North Africa,4.887,0.946,0.765,0.552,0.119,0.12,0.144,2021
109,110,Ukraine,Commonwealth of Independent States,4.875,0.979,0.958,0.517,0.417,0.01,0.181,2021
113,114,Cambodia,Southeast Asia,4.83,0.603,0.68,0.426,0.702,0.061,0.21,2021
114,115,Mozambique,Sub-Saharan Africa,4.794,0.183,0.634,0.196,0.608,0.163,0.228,2021
116,117,Mali,Sub-Saharan Africa,4.723,0.387,0.59,0.11,0.384,0.072,0.164,2021
117,118,Iran,Middle East and North Africa,4.721,1.03,0.557,0.561,0.275,0.144,0.33,2021
120,121,Kenya,Sub-Saharan Africa,4.607,0.603,0.508,0.385,0.483,0.073,0.375,2021
122,123,Lebanon,Middle East and North Africa,4.584,1.045,0.868,0.595,0.175,0.026,0.14,2021
125,126,Myanmar,Southeast Asia,4.426,0.666,0.713,0.341,0.601,0.178,0.52,2021
126,127,Jordan,Middle East and North Africa,4.395,0.89,0.685,0.583,0.455,0.15,0.079,2021
128,129,Sri Lanka,South Asia,4.325,0.99,0.82,0.593,0.559,0.049,0.239,2021
130,131,Comoros,Sub-Saharan Africa,4.289,0.488,0.367,0.279,0.202,0.101,0.241,2021
133,134,Mauritania,Sub-Saharan Africa,4.227,0.666,0.749,0.273,0.218,0.133,0.119,2021
134,135,Madagascar,Sub-Saharan Africa,4.208,0.266,0.503,0.341,0.207,0.087,0.185,2021
135,136,Togo,Sub-Saharan Africa,4.107,0.254,0.239,0.203,0.289,0.107,0.209,2021
136,137,Zambia,Sub-Saharan Africa,4.073,0.528,0.552,0.231,0.487,0.074,0.227,2021
137,138,Sierra Leone,Sub-Saharan Africa,3.849,0.279,0.377,0.1,0.408,0.047,0.243,2021
138,139,India,South Asia,3.819,0.741,0.316,0.383,0.622,0.106,0.246,2021
139,140,Burundi,Sub-Saharan Africa,3.775,0.0,0.062,0.155,0.298,0.212,0.172,2021
143,144,Malawi,Sub-Saharan Africa,3.6,0.113,0.168,0.298,0.484,0.134,0.213,2021
144,145,Lesotho,Sub-Saharan Africa,3.512,0.451,0.731,0.007,0.405,0.015,0.103,2021
145,146,Botswana,Sub-Saharan Africa,3.467,1.099,0.724,0.34,0.539,0.088,0.027,2021
147,148,Zimbabwe,Sub-Saharan Africa,3.145,0.457,0.649,0.243,0.359,0.075,0.157,2021
148,149,Afghanistan,South Asia,2.523,0.37,0.0,0.126,0.0,0.01,0.122,2021
0,1,Finland,Western Europe,7.821,1.892,1.258,0.775,0.736,0.534,0.109,2022
1,2,Denmark,Western Europe,7.636,1.953,1.243,0.777,0.719,0.532,0.188,2022
2,3,Iceland,Western Europe,7.557,1.936,1.32,0.803,0.718,0.191,0.27,2022
3,4,Switzerland,Western Europe,7.512,2.026,1.226,0.822,0.677,0.461,0.147,2022
4,5,Netherlands,Western Europe,7.415,1.945,1.206,0.787,0.651,0.419,0.271,2022
6,7,Sweden,Western Europe,7.384,1.92,1.204,0.803,0.724,0.512,0.218,2022
7,8,Norway,Western Europe,7.365,1.997,1.239,0.786,0.728,0.474,0.217,2022
8,9,Israel,Middle East and Northern Africa,7.364,1.826,1.221,0.818,0.568,0.143,0.155,2022
9,10,New Zealand,Australia and New Zealand,7.2,1.852,1.235,0.752,0.68,0.483,0.245,2022
10,11,Austria,Western Europe,7.163,1.931,1.165,0.774,0.623,0.329,0.193,2022
11,12,Australia,Australia and New Zealand,7.162,1.9,1.203,0.772,0.676,0.341,0.258,2022
12,13,Ireland,Western Europe,7.041,2.129,1.166,0.779,0.627,0.408,0.19,2022
13,14,Germany,Western Europe,7.034,1.924,1.088,0.776,0.585,0.358,0.163,2022
14,15,Canada,North America,7.025,1.886,1.188,0.783,0.659,0.368,0.217,2022
15,16,United States,North America,6.977,1.982,1.182,0.628,0.574,0.177,0.22,2022
16,17,United Kingdom,Western Europe,6.943,1.867,1.143,0.75,0.597,0.329,0.289,2022
18,19,Belgium,Western Europe,6.805,1.907,1.106,0.764,0.492,0.204,0.049,2022
19,20,France,Western Europe,6.687,1.863,1.219,0.808,0.567,0.266,0.07,2022
20,21,Bahrain,Middle East and Northern Africa,6.647,1.854,1.029,0.625,0.693,0.155,0.199,2022
21,22,Slovenia,Central and Eastern Europe,6.63,1.81,1.249,0.769,0.685,0.115,0.118,2022
22,23,Costa Rica,Latin America and Caribbean,6.582,1.584,1.054,0.744,0.661,0.102,0.089,2022
23,24,United Arab Emirates,Middle East and Northern Africa,6.576,1.998,0.98,0.633,0.702,0.25,0.204,2022
24,25,Saudi Arabia,Middle East and Northern Africa,6.523,1.87,1.092,0.577,0.651,0.18,0.078,2022
26,27,Singapore,Southeastern Asia,6.48,2.149,1.127,0.851,0.672,0.587,0.163,2022
27,28,Romania,Central and Eastern Europe,6.477,1.719,1.006,0.655,0.605,0.006,0.039,2022
28,29,Spain,Western Europe,6.476,1.808,1.211,0.808,0.505,0.149,0.101,2022
29,30,Uruguay,Latin America and Caribbean,6.474,1.615,1.18,0.672,0.665,0.265,0.103,2022
30,31,Italy,Western Europe,6.467,1.834,1.052,0.801,0.412,0.059,0.085,2022
31,32,Kosovo,Central and Eastern Europe,6.455,1.362,0.949,0.569,0.599,0.035,0.309,2022
33,34,Lithuania,Central and Eastern Europe,6.446,1.804,1.204,0.659,0.496,0.077,0.053,2022
34,35,Slovakia,Central and Eastern Europe,6.391,1.736,1.232,0.707,0.479,0.025,0.118,2022
35,36,Estonia,Central and Eastern Europe,6.341,1.793,1.232,0.728,0.689,0.333,0.123,2022
36,37,Panama,Latin America and Caribbean,6.309,1.715,1.107,0.709,0.592,0.051,0.049,2022
39,40,Kazakhstan,Central and Eastern Europe,6.234,1.668,1.22,0.611,0.584,0.157,0.134,2022
40,41,Cyprus,Western Europe,6.221,1.815,0.909,0.819,0.448,0.062,0.123,2022
41,42,Latvia,Central and Eastern Europe,6.18,1.732,1.221,0.637,0.502,0.09,0.075,2022
42,43,Serbia,Central and Eastern Europe,6.178,1.55,1.086,0.658,0.546,0.088,0.219,2022
43,44,Chile,Latin America and Caribbean,6.172,1.651,1.08,0.748,0.46,0.069,0.124,2022
44,45,Nicaragua,Latin America and Caribbean,6.165,1.105,1.029,0.617,0.617,0.212,0.168,2022
45,46,Mexico,Latin America and Caribbean,6.128,1.552,0.886,0.623,0.621,0.115,0.092,2022
46,47,Croatia,Central and Eastern Europe,6.125,1.705,1.183,0.709,0.535,0.0,0.109,2022
47,48,Poland,Central and Eastern Europe,6.123,1.758,1.174,0.712,0.523,0.14,0.124,2022
50,51,Hungary,Central and Eastern Europe,6.086,1.748,1.233,0.668,0.485,0.064,0.078,2022
51,52,Mauritius,Sub-Saharan Africa,6.071,1.591,1.116,0.568,0.589,0.107,0.131,2022
52,53,Uzbekistan,Central and Eastern Europe,6.063,1.219,1.092,0.6,0.716,0.24,0.283,2022
53,54,Japan,Eastern Asia,6.039,1.835,1.089,0.866,0.537,0.218,0.007,2022
54,55,Honduras,Latin America and Caribbean,6.022,1.111,0.885,0.555,0.582,0.076,0.202,2022
55,56,Portugal,Western Europe,6.016,1.76,1.078,0.777,0.655,0.039,0.016,2022
56,57,Argentina,Latin America and Caribbean,5.967,1.592,1.102,0.662,0.555,0.085,0.081,2022
58,59,South Korea,Eastern Asia,5.935,1.851,0.886,0.841,0.414,0.176,0.111,2022
59,60,Philippines,Southeastern Asia,5.904,1.268,0.912,0.514,0.678,0.142,0.107,2022
60,61,Thailand,Southeastern Asia,5.891,1.535,1.096,0.697,0.617,0.026,0.321,2022
61,62,Moldova,Central and Eastern Europe,5.857,1.417,1.008,0.597,0.561,0.028,0.102,2022
62,63,Jamaica,Latin America and Caribbean,5.85,1.296,1.045,0.646,0.567,0.053,0.08,2022
65,66,Colombia,Latin America and Caribbean,5.781,1.452,0.929,0.72,0.545,0.077,0.087,2022
66,67,Bosnia and Herzegovina,Central and Eastern Europe,5.768,1.468,1.068,0.665,0.448,0.006,0.244,2022
67,68,Mongolia,Eastern Asia,5.761,1.393,1.197,0.467,0.398,0.059,0.247,2022
68,69,Dominican Republic,Latin America and Caribbean,5.737,1.538,1.003,0.577,0.606,0.179,0.084,2022
69,70,Malaysia,Southeastern Asia,5.711,1.689,0.938,0.62,0.654,0.126,0.213,2022
71,72,China,Eastern Asia,5.585,1.508,0.958,0.705,0.656,0.142,0.099,2022
72,73,Paraguay,Latin America and Caribbean,5.578,1.409,1.13,0.624,0.629,0.059,0.171,2022
73,74,Peru,Latin America and Caribbean,5.559,1.397,0.865,0.735,0.545,0.037,0.09,2022
74,75,Montenegro,Central and Eastern Europe,5.547,1.573,1.023,0.659,0.46,0.077,0.135,2022
75,76,Ecuador,Latin America and Caribbean,5.533,1.352,0.879,0.708,0.565,0.083,0.08,2022
76,77,Vietnam,Southeastern Asia,5.485,1.252,0.932,0.611,0.707,0.105,0.143,2022
79,80,Russia,Central and Eastern Europe,5.459,1.685,1.095,0.586,0.401,0.08,0.117,2022
81,82,Armenia,Central and Eastern Europe,5.399,1.434,0.82,0.668,0.558,0.21,0.054,2022
82,83,Tajikistan,Central and Eastern Europe,5.377,0.966,1.005,0.518,0.572,0.304,0.118,2022
84,85,Bulgaria,Central and Eastern Europe,5.371,1.625,1.163,0.64,0.563,0.021,0.123,2022
86,87,Indonesia,Southeastern Asia,5.24,1.382,0.883,0.539,0.62,0.047,0.468,2022
87,88,Ivory Coast,Sub-Saharan Africa,5.235,1.094,0.442,0.322,0.451,0.124,0.149,2022
89,90,Albania,Central and Eastern Europe,5.199,1.439,0.646,0.719,0.511,0.028,0.138,2022
90,91,South Africa,Sub-Saharan Africa,5.194,1.425,1.088,0.361,0.442,0.046,0.089,2022
93,94,Bangladesh,Southern Asia,5.155,1.06,0.614,0.581,0.622,0.187,0.125,2022
94,95,Laos,Southeastern Asia,5.14,1.239,0.654,0.479,0.679,0.184,0.197,2022
95,96,Algeria,Middle East and Northern Africa,5.122,1.363,0.97,0.643,0.146,0.15,0.106,2022
99,100,Morocco,Middle East and Northern Africa,5.06,1.208,0.268,0.565,0.492,0.102,0.02,2022
100,101,Mozambique,Sub-Saharan Africa,5.048,0.578,0.66,0.191,0.593,0.2,0.185,2022
101,102,Cameroon,Sub-Saharan Africa,5.048,0.968,0.672,0.317,0.397,0.074,0.152,2022
102,103,Senegal,Sub-Saharan Africa,5.046,0.933,0.53,0.447,0.494,0.081,0.143,2022
104,105,Georgia,Central and Eastern Europe,4.973,1.467,0.612,0.595,0.508,0.208,0.0,2022
105,106,Gabon,Sub-Saharan Africa,4.958,1.459,0.738,0.396,0.343,0.099,0.032,2022
106,107,Iraq,Middle East and Northern Africa,4.941,1.289,0.682,0.554,0.328,0.046,0.147,2022
107,108,Venezuela,Latin America and Caribbean,4.925,0.0,0.968,0.578,0.283,0.082,0.225,2022
108,109,Guinea,Sub-Saharan Africa,4.891,0.848,0.566,0.275,0.334,0.116,0.214,2022
109,110,Iran,Middle East and Northern Africa,4.888,1.41,0.741,0.642,0.281,0.146,0.241,2022
113,114,Cambodia,Southeastern Asia,4.64,1.019,0.732,0.505,0.74,0.068,0.166,2022
114,115,Benin,Sub-Saharan Africa,4.623,0.932,0.064,0.335,0.479,0.23,0.127,2022
116,117,Uganda,Sub-Saharan Africa,4.603,0.777,0.875,0.418,0.402,0.066,0.222,2022
117,118,Nigeria,Sub-Saharan Africa,4.552,1.079,0.732,0.3,0.444,0.038,0.175,2022
120,121,Pakistan,Southern Asia,4.516,1.049,0.413,0.374,0.448,0.112,0.181,2022
122,123,Mali,Sub-Saharan Africa,4.479,0.792,0.483,0.311,0.35,0.042,0.128,2022
125,126,Myanmar,Southeastern Asia,4.394,1.038,0.829,0.491,0.513,0.194,0.452,2022
126,127,Sri Lanka,Southern Asia,4.362,1.415,0.934,0.66,0.529,0.079,0.15,2022
128,129,Egypt,Middle East and Northern Africa,4.288,1.388,0.732,0.548,0.469,0.254,0.041,2022
130,131,Ethiopia,Sub-Saharan Africa,4.241,0.788,0.809,0.457,0.472,0.136,0.205,2022
133,134,Jordan,Middle East and Northern Africa,4.152,1.324,0.724,0.675,0.476,0.2,0.058,2022
134,135,Togo,Sub-Saharan Africa,4.112,0.771,0.322,0.36,0.292,0.132,0.174,2022
135,136,India,Southern Asia,3.777,1.167,0.376,0.471,0.647,0.123,0.198,2022
136,137,Zambia,Sub-Saharan Africa,3.76,0.93,0.577,0.306,0.525,0.083,0.203,2022
137,138,Malawi,Sub-Saharan Africa,3.75,0.648,0.279,0.388,0.477,0.157,0.14,2022
138,139,Tanzania,Sub-Saharan Africa,3.702,0.848,0.597,0.425,0.578,0.27,0.248,2022
139,140,Sierra Leone,Sub-Saharan Africa,3.574,0.686,0.416,0.273,0.387,0.055,0.202,2022
143,144,Zimbabwe,Sub-Saharan Africa,2.995,0.947,0.69,0.27,0.329,0.105,0.106,2022
144,145,Lebanon,Middle East and Northern Africa,2.955,1.392,0.498,0.631,0.103,0.034,0.082,2022
145,146,Afghanistan,Southern Asia,2.404,0.758,0.0,0.289,0.0,0.005,0.089,2022
